,NCTId,BaselineMeasureDispersionType
9999,NCT03766373,Standard Deviation
3079,NCT00909480,Standard Deviation
7563,NCT01775670,Standard Deviation
2996,NCT00814697,Standard Deviation
7558,NCT03207750,Standard Deviation
3002,NCT00001703,Standard Deviation
7550,NCT01510834,Standard Deviation
7549,NCT02820038,Standard Deviation
3013,NCT01326026,Standard Deviation
3013,NCT01326026,Standard Deviation
3013,NCT01326026,Standard Deviation
7541,NCT01396187,Standard Deviation
3021,NCT01097785,Standard Deviation
3021,NCT01097785,Standard Deviation
3027,NCT00682617,Standard Deviation
3030,NCT02239770,Standard Deviation
3030,NCT02239770,Standard Deviation
3030,NCT02239770,Standard Deviation
3030,NCT02239770,Standard Deviation
3030,NCT02239770,Standard Deviation
3033,NCT03058692,Standard Deviation
7519,NCT00513500,Standard Deviation
7505,NCT00337428,Standard Deviation
3079,NCT00909480,Standard Deviation
3079,NCT00909480,Standard Deviation
3079,NCT00909480,Standard Deviation
3079,NCT00909480,Standard Deviation
7565,NCT02246413,Standard Deviation
7565,NCT02246413,Standard Deviation
7565,NCT02246413,Standard Deviation
2934,NCT01047709,Standard Deviation
7622,NCT02202031,Standard Deviation
7622,NCT02202031,Standard Deviation
2915,NCT01680341,Standard Deviation
2915,NCT01680341,Standard Deviation
2915,NCT01680341,Standard Deviation
7622,NCT02202031,Standard Deviation
7622,NCT02202031,Standard Deviation
7622,NCT02202031,Standard Deviation
7622,NCT02202031,Standard Deviation
7622,NCT02202031,Standard Deviation
7622,NCT02202031,Standard Deviation
7601,NCT02420353,Standard Deviation
7565,NCT02246413,Standard Deviation
2948,NCT01713530,Standard Deviation
2948,NCT01713530,Standard Deviation
2948,NCT01713530,Standard Deviation
2949,NCT02151877,Standard Deviation
2954,NCT03408483,Standard Deviation
2956,NCT00767039,Standard Deviation
7588,NCT01673178,Standard Deviation
7577,NCT00431847,Standard Deviation
7577,NCT00431847,Standard Deviation
7577,NCT00431847,Standard Deviation
7577,NCT00431847,Standard Deviation
3079,NCT00909480,Standard Deviation
3079,NCT00909480,Standard Deviation
7167,NCT02153346,Standard Deviation
7474,NCT01175707,Standard Deviation
3152,NCT03249584,Standard Deviation
7437,NCT00823212,Standard Deviation
7434,NCT01628718,Standard Deviation
7434,NCT01628718,Standard Deviation
7434,NCT01628718,Standard Deviation
7432,NCT01750684,Standard Deviation
7431,NCT02706873,Standard Deviation
7431,NCT02706873,Standard Deviation
7431,NCT02706873,Standard Deviation
3164,NCT01661686,Standard Deviation
3164,NCT01661686,Standard Deviation
3164,NCT01661686,Standard Deviation
3164,NCT01661686,Standard Deviation
3164,NCT01661686,Standard Deviation
7431,NCT02706873,Standard Deviation
7431,NCT02706873,Standard Deviation
7431,NCT02706873,Standard Deviation
7431,NCT02706873,Standard Deviation
3169,NCT00711490,Standard Deviation
7431,NCT02706873,Standard Deviation
3171,NCT00654615,Standard Deviation
7431,NCT02706873,Standard Deviation
3174,NCT01309828,Standard Deviation
3174,NCT01309828,Standard Deviation
3174,NCT01309828,Standard Deviation
3152,NCT03249584,Standard Deviation
7437,NCT00823212,Standard Deviation
3149,NCT00399880,Standard Deviation
3132,NCT02148445,Standard Deviation
3093,NCT01295879,Standard Deviation
3097,NCT00247377,Standard Deviation
7463,NCT02320903,Standard Deviation
7458,NCT01672710,Standard Deviation
3115,NCT02630563,Standard Deviation
3118,NCT01785615,Standard Deviation
3119,NCT02299427,Standard Deviation
3132,NCT02148445,Standard Deviation
3132,NCT02148445,Standard Deviation
3132,NCT02148445,Standard Deviation
3132,NCT02148445,Standard Deviation
3132,NCT02148445,Standard Deviation
3149,NCT00399880,Standard Deviation
3132,NCT02148445,Standard Deviation
3132,NCT02148445,Standard Deviation
3135,NCT02461758,Standard Deviation
3136,NCT02922985,Standard Deviation
3139,NCT02722278,Standard Deviation
3141,NCT00585013,Standard Deviation
7440,NCT02215200,Standard Deviation
3145,NCT00308620,Standard Deviation
7437,NCT00823212,Standard Deviation
7437,NCT00823212,Standard Deviation
3149,NCT00399880,Standard Deviation
7622,NCT02202031,Standard Deviation
7622,NCT02202031,Standard Deviation
7622,NCT02202031,Standard Deviation
7622,NCT02202031,Standard Deviation
2746,NCT01334554,Standard Deviation
2746,NCT01334554,Standard Deviation
2746,NCT01334554,Standard Deviation
2746,NCT01334554,Standard Deviation
2746,NCT01334554,Standard Deviation
2746,NCT01334554,Standard Deviation
2746,NCT01334554,Standard Deviation
2747,NCT02825251,Standard Deviation
2752,NCT02916433,Standard Deviation
7745,NCT00858988,Standard Deviation
2760,NCT00405912,Standard Deviation
2760,NCT00405912,Standard Deviation
7739,NCT00470158,Standard Deviation
2770,NCT02034513,Standard Deviation
2770,NCT02034513,Standard Deviation
2770,NCT02034513,Standard Deviation
2774,NCT00612040,Standard Deviation
2774,NCT00612040,Standard Deviation
2774,NCT00612040,Standard Deviation
2778,NCT02593032,Standard Deviation
2783,NCT01451762,Standard Deviation
7713,NCT01569191,Standard Deviation
7711,NCT02843178,Standard Deviation
7707,NCT03198754,Standard Deviation
7706,NCT01746264,Standard Deviation
2746,NCT01334554,Standard Deviation
2746,NCT01334554,Standard Deviation
2745,NCT00620750,Standard Deviation
2713,NCT00634842,Standard Deviation
2691,NCT00850135,Standard Deviation
2691,NCT00850135,Standard Deviation
2691,NCT00850135,Standard Deviation
7789,NCT02599961,Standard Deviation
7789,NCT02599961,Standard Deviation
2695,NCT01008280,Standard Deviation
2700,NCT00880256,Standard Deviation
7782,NCT03698279,Standard Deviation
2711,NCT02110381,Standard Deviation
2711,NCT02110381,Standard Deviation
2713,NCT00634842,Standard Deviation
2713,NCT00634842,Standard Deviation
2740,NCT01395368,Standard Deviation
7774,NCT00727506,Standard Deviation
2721,NCT00753922,Standard Deviation
2725,NCT00812097,Standard Deviation
7764,NCT01138917,Standard Deviation
2728,NCT03557775,Standard Deviation
2728,NCT03557775,Standard Deviation
2728,NCT03557775,Standard Deviation
2730,NCT01013870,Standard Deviation
2730,NCT01013870,Standard Deviation
7761,NCT02870205,Standard Deviation
2737,NCT03211156,Standard Deviation
2803,NCT01570309,Standard Deviation
2805,NCT01903876,Standard Deviation
2805,NCT01903876,Standard Deviation
2864,NCT00736190,Standard Deviation
2848,NCT02030600,Standard Deviation
2848,NCT02030600,Standard Deviation
2848,NCT02030600,Standard Deviation
7659,NCT01999868,Standard Deviation
7659,NCT01999868,Standard Deviation
7659,NCT01999868,Standard Deviation
7659,NCT01999868,Standard Deviation
2863,NCT00440232,Standard Deviation
2864,NCT00736190,Standard Deviation
2864,NCT00736190,Standard Deviation
2864,NCT00736190,Standard Deviation
2866,NCT01106456,Standard Deviation
2835,NCT01850615,Standard Deviation
7648,NCT00790790,Standard Deviation
7647,NCT00785577,Standard Deviation
2878,NCT01676116,Standard Deviation
2878,NCT01676116,Standard Deviation
2878,NCT01676116,Standard Deviation
7643,NCT00386100,Standard Deviation
7643,NCT00386100,Standard Deviation
7642,NCT00676143,Standard Deviation
7641,NCT00667810,Standard Deviation
7624,NCT02756689,Standard Deviation
7622,NCT02202031,Standard Deviation
7666,NCT02298361,Standard Deviation
2835,NCT01850615,Standard Deviation
2805,NCT01903876,Standard Deviation
2805,NCT01903876,Standard Deviation
2805,NCT01903876,Standard Deviation
2805,NCT01903876,Standard Deviation
2805,NCT01903876,Standard Deviation
2805,NCT01903876,Standard Deviation
2805,NCT01903876,Standard Deviation
2805,NCT01903876,Standard Deviation
2805,NCT01903876,Standard Deviation
2805,NCT01903876,Standard Deviation
2805,NCT01903876,Standard Deviation
2805,NCT01903876,Standard Deviation
2805,NCT01903876,Standard Deviation
2805,NCT01903876,Standard Deviation
2835,NCT01850615,Standard Deviation
7699,NCT02721147,Standard Deviation
2814,NCT00531518,Standard Deviation
2814,NCT00531518,Standard Deviation
7690,NCT00571038,Standard Deviation
2834,NCT02305381,Standard Deviation
2834,NCT02305381,Standard Deviation
2834,NCT02305381,Standard Deviation
2834,NCT02305381,Standard Deviation
2834,NCT02305381,Standard Deviation
2834,NCT02305381,Standard Deviation
2834,NCT02305381,Standard Deviation
3174,NCT01309828,Standard Deviation
3174,NCT01309828,Standard Deviation
3174,NCT01309828,Standard Deviation
7334,NCT02734238,Standard Deviation
7292,NCT01529034,Standard Deviation
3450,NCT00675584,Standard Deviation
7285,NCT03227861,Standard Deviation
3453,NCT01045447,Standard Deviation
3453,NCT01045447,Standard Deviation
3453,NCT01045447,Standard Deviation
3458,NCT00566995,Standard Deviation
3462,NCT00581061,Standard Deviation
3466,NCT01997723,Standard Deviation
3469,NCT00324155,Standard Deviation
3470,NCT00572039,Standard Deviation
3470,NCT00572039,Standard Deviation
3470,NCT00572039,Standard Deviation
3470,NCT00572039,Standard Deviation
3470,NCT00572039,Standard Deviation
3476,NCT01831765,Standard Deviation
3476,NCT01831765,Standard Deviation
3476,NCT01831765,Standard Deviation
7262,NCT01412866,Standard Deviation
3486,NCT01215721,Standard Deviation
3487,NCT01482962,Standard Deviation
3487,NCT01482962,Standard Deviation
3487,NCT01482962,Standard Deviation
3487,NCT01482962,Standard Deviation
7262,NCT01412866,Standard Deviation
3426,NCT00917501,Standard Deviation
7305,NCT01670825,Standard Deviation
7306,NCT01683409,Standard Deviation
3386,NCT01392573,Standard Deviation
7334,NCT02734238,Standard Deviation
7334,NCT02734238,Standard Deviation
7334,NCT02734238,Standard Deviation
7334,NCT02734238,Standard Deviation
3367,NCT00811057,Standard Deviation
3368,NCT00112047,Standard Deviation
3368,NCT00112047,Standard Deviation
3368,NCT00112047,Standard Deviation
3374,NCT03634306,Standard Deviation
3374,NCT03634306,Standard Deviation
7326,NCT01556581,Standard Deviation
3386,NCT01392573,Standard Deviation
7317,NCT00822692,Standard Deviation
3386,NCT01392573,Standard Deviation
3396,NCT01597596,Standard Deviation
7322,NCT01208870,Standard Deviation
7322,NCT01208870,Standard Deviation
7322,NCT01208870,Standard Deviation
7322,NCT01208870,Standard Deviation
7322,NCT01208870,Standard Deviation
3404,NCT01152580,Standard Deviation
3404,NCT01152580,Standard Deviation
3406,NCT01923389,Standard Deviation
3409,NCT02465463,Standard Deviation
3490,NCT01648140,Standard Deviation
7258,NCT02010684,Standard Deviation
7258,NCT02010684,Standard Deviation
3587,NCT00486902,Standard Deviation
3569,NCT00847288,Standard Deviation
3569,NCT00847288,Standard Deviation
3569,NCT00847288,Standard Deviation
3569,NCT00847288,Standard Deviation
3569,NCT00847288,Standard Deviation
3573,NCT01045707,Standard Deviation
3573,NCT01045707,Standard Deviation
3573,NCT01045707,Standard Deviation
3575,NCT00846573,Standard Deviation
3581,NCT01162122,Standard Deviation
3586,NCT00396032,Standard Deviation
3590,NCT00773279,Standard Deviation
3548,NCT02158884,Standard Deviation
3590,NCT00773279,Standard Deviation
3603,NCT00727636,Standard Deviation
7177,NCT00990106,Standard Deviation
7171,NCT02195427,Standard Deviation
7170,NCT01508130,Standard Deviation
7167,NCT02153346,Standard Deviation
3615,NCT02239328,Standard Deviation
7167,NCT02153346,Standard Deviation
7167,NCT02153346,Standard Deviation
7167,NCT02153346,Standard Deviation
7167,NCT02153346,Standard Deviation
3565,NCT01566500,Standard Deviation
3548,NCT02158884,Standard Deviation
7258,NCT02010684,Standard Deviation
3517,NCT00982228,Standard Deviation
7258,NCT02010684,Standard Deviation
7258,NCT02010684,Standard Deviation
7258,NCT02010684,Standard Deviation
7258,NCT02010684,Standard Deviation
3501,NCT01230021,Standard Deviation
7258,NCT02010684,Standard Deviation
7258,NCT02010684,Standard Deviation
7258,NCT02010684,Standard Deviation
7258,NCT02010684,Standard Deviation
3515,NCT01491607,Standard Deviation
3516,NCT00396253,Standard Deviation
3517,NCT00982228,Standard Deviation
7228,NCT01147900,Standard Deviation
3517,NCT00982228,Standard Deviation
7246,NCT01750268,Standard Deviation
3523,NCT00280826,Standard Deviation
7241,NCT01024569,Standard Deviation
3529,NCT01588158,Standard Deviation
3533,NCT01965756,Standard Deviation
3533,NCT01965756,Standard Deviation
3533,NCT01965756,Standard Deviation
3533,NCT01965756,Standard Deviation
7233,NCT01524133,Standard Deviation
7228,NCT01147900,Standard Deviation
7334,NCT02734238,Standard Deviation
7334,NCT02734238,Standard Deviation
3174,NCT01309828,Standard Deviation
3356,NCT01917812,Standard Deviation
7402,NCT00795821,Standard Deviation
3222,NCT01775865,Standard Deviation
3226,NCT01233050,Standard Deviation
3227,NCT00578877,Standard Deviation
3229,NCT00395304,Standard Deviation
7394,NCT01121406,Standard Deviation
7390,NCT00130208,Standard Deviation
7388,NCT01554891,Standard Deviation
7385,NCT00048932,Standard Deviation
7382,NCT00970944,Standard Deviation
7379,NCT02504931,Standard Deviation
7376,NCT00756600,Standard Deviation
7373,NCT01170546,Standard Deviation
3256,NCT01131312,Standard Deviation
7370,NCT02123251,Standard Deviation
7362,NCT02237196,Standard Deviation
3268,NCT00837161,Standard Deviation
3271,NCT00796705,Standard Deviation
3271,NCT00796705,Standard Deviation
3272,NCT00469079,Standard Deviation
3272,NCT00469079,Standard Deviation
3279,NCT01661764,Standard Deviation
3282,NCT01253811,Standard Deviation
7358,NCT01996254,Standard Deviation
7347,NCT02877680,Standard Deviation
3215,NCT02261974,Standard Deviation
3215,NCT02261974,Standard Deviation
3215,NCT02261974,Standard Deviation
3187,NCT01553318,Standard Deviation
7431,NCT02706873,Standard Deviation
7431,NCT02706873,Standard Deviation
7428,NCT02216812,Standard Deviation
7428,NCT02216812,Standard Deviation
3186,NCT01618162,Standard Deviation
3186,NCT01618162,Standard Deviation
3186,NCT01618162,Standard Deviation
3186,NCT01618162,Standard Deviation
3187,NCT01553318,Standard Deviation
3187,NCT01553318,Standard Deviation
3187,NCT01553318,Standard Deviation
3188,NCT01088438,Standard Deviation
3215,NCT02261974,Standard Deviation
7420,NCT00201006,Standard Deviation
7420,NCT00201006,Standard Deviation
3198,NCT01005732,Standard Deviation
3199,NCT02384460,Standard Deviation
3201,NCT01570751,Standard Deviation
3201,NCT01570751,Standard Deviation
3201,NCT01570751,Standard Deviation
3202,NCT03040466,Standard Deviation
3210,NCT01428713,Standard Deviation
3215,NCT02261974,Standard Deviation
3215,NCT02261974,Standard Deviation
7347,NCT02877680,Standard Deviation
7347,NCT02877680,Standard Deviation
7347,NCT02877680,Standard Deviation
7334,NCT02734238,Standard Deviation
3338,NCT02290106,Standard Deviation
3338,NCT02290106,Standard Deviation
3338,NCT02290106,Standard Deviation
3338,NCT02290106,Standard Deviation
3338,NCT02290106,Standard Deviation
3339,NCT01578317,Standard Deviation
7334,NCT02734238,Standard Deviation
7334,NCT02734238,Standard Deviation
3342,NCT00700804,Standard Deviation
3343,NCT00620763,Standard Deviation
7334,NCT02734238,Standard Deviation
7334,NCT02734238,Standard Deviation
7334,NCT02734238,Standard Deviation
7334,NCT02734238,Standard Deviation
7334,NCT02734238,Standard Deviation
3349,NCT01620489,Standard Deviation
3349,NCT01620489,Standard Deviation
3349,NCT01620489,Standard Deviation
3350,NCT01096771,Standard Deviation
3351,NCT00394329,Standard Deviation
7334,NCT02734238,Standard Deviation
7334,NCT02734238,Standard Deviation
7334,NCT02734238,Standard Deviation
7334,NCT02734238,Standard Deviation
7334,NCT02734238,Standard Deviation
7334,NCT02734238,Standard Deviation
7347,NCT02877680,Standard Deviation
3310,NCT01391858,Standard Deviation
7347,NCT02877680,Standard Deviation
3300,NCT00754390,Standard Deviation
7347,NCT02877680,Standard Deviation
7347,NCT02877680,Standard Deviation
7347,NCT02877680,Standard Deviation
3304,NCT00556842,Standard Deviation
7347,NCT02877680,Standard Deviation
7347,NCT02877680,Standard Deviation
7347,NCT02877680,Standard Deviation
7347,NCT02877680,Standard Deviation
3309,NCT03399370,Standard Deviation
7347,NCT02877680,Standard Deviation
3334,NCT01789814,Standard Deviation
7347,NCT02877680,Standard Deviation
7341,NCT01996826,Standard Deviation
7338,NCT03026556,Standard Deviation
7334,NCT02734238,Standard Deviation
3327,NCT00763698,Standard Deviation
7334,NCT02734238,Standard Deviation
7334,NCT02734238,Standard Deviation
7334,NCT02734238,Standard Deviation
7334,NCT02734238,Standard Deviation
7334,NCT02734238,Standard Deviation
7334,NCT02734238,Standard Deviation
2691,NCT00850135,Standard Deviation
7789,NCT02599961,Standard Deviation
7789,NCT02599961,Standard Deviation
1987,NCT00599014,Standard Deviation
8235,NCT00676793,Standard Deviation
8234,NCT00176462,Standard Deviation
8232,NCT01811940,Standard Deviation
8228,NCT00879996,Standard Deviation
8227,NCT02257099,Standard Deviation
8215,NCT02147613,Standard Deviation
8212,NCT01297062,Standard Deviation
8212,NCT01297062,Standard Deviation
8211,NCT01882439,Standard Deviation
8210,NCT00271739,Standard Deviation
2111,NCT02364570,Standard Deviation
2111,NCT02364570,Standard Deviation
2111,NCT02364570,Standard Deviation
2111,NCT02364570,Standard Deviation
2111,NCT02364570,Standard Deviation
2111,NCT02364570,Standard Deviation
2111,NCT02364570,Standard Deviation
2111,NCT02364570,Standard Deviation
2111,NCT02364570,Standard Deviation
2111,NCT02364570,Standard Deviation
2112,NCT01164644,Standard Deviation
2124,NCT02482675,Standard Deviation
2124,NCT02482675,Standard Deviation
2124,NCT02482675,Standard Deviation
2124,NCT02482675,Standard Deviation
8240,NCT01658228,Standard Deviation
2077,NCT00294060,Standard Deviation
2066,NCT02043574,Standard Deviation
8292,NCT01709110,Standard Deviation
1991,NCT00819013,Standard Deviation
1995,NCT03311646,Standard Deviation
1995,NCT03311646,Standard Deviation
1995,NCT03311646,Standard Deviation
1995,NCT03311646,Standard Deviation
8304,NCT00380068,Standard Deviation
2005,NCT01750294,Standard Deviation
2005,NCT01750294,Standard Deviation
8296,NCT00529308,Standard Deviation
2011,NCT02500836,Standard Deviation
8292,NCT01709110,Standard Deviation
2019,NCT01699022,Standard Deviation
8255,NCT01100268,Standard Deviation
8287,NCT00605189,Standard Deviation
2027,NCT02741284,Standard Deviation
2027,NCT02741284,Standard Deviation
2027,NCT02741284,Standard Deviation
2027,NCT02741284,Standard Deviation
8280,NCT01910402,Standard Deviation
8261,NCT03223337,Standard Deviation
2053,NCT01050205,Standard Deviation
8259,NCT00514449,Standard Deviation
2056,NCT00916539,Standard Deviation
8256,NCT02717754,Standard Deviation
2124,NCT02482675,Standard Deviation
2124,NCT02482675,Standard Deviation
2124,NCT02482675,Standard Deviation
2217,NCT01592383,Standard Deviation
8142,NCT02853435,Standard Deviation
2197,NCT01357551,Standard Deviation
2197,NCT01357551,Standard Deviation
2197,NCT01357551,Standard Deviation
2197,NCT01357551,Standard Deviation
8136,NCT02566317,Standard Deviation
2204,NCT01254669,Standard Deviation
2204,NCT01254669,Standard Deviation
8132,NCT03599193,Standard Deviation
8132,NCT03599193,Standard Deviation
2210,NCT03168425,Standard Deviation
2218,NCT01702428,Standard Deviation
2193,NCT03709823,Standard Deviation
2221,NCT03148262,Standard Deviation
2221,NCT03148262,Standard Deviation
8123,NCT01980771,Standard Deviation
2224,NCT00924508,Standard Deviation
2230,NCT01299896,Standard Deviation
2231,NCT01737762,Standard Deviation
2232,NCT00322049,Standard Deviation
2239,NCT01109602,Standard Deviation
2239,NCT01109602,Standard Deviation
2240,NCT01848353,Standard Deviation
2240,NCT01848353,Standard Deviation
2194,NCT02762370,Standard Deviation
2193,NCT03709823,Standard Deviation
2137,NCT00134901,Standard Deviation
2162,NCT02482610,Standard Deviation
8186,NCT01343056,Standard Deviation
8185,NCT02266576,Standard Deviation
8185,NCT02266576,Standard Deviation
8182,NCT02422940,Standard Deviation
2145,NCT01681992,Standard Deviation
2149,NCT00751179,Standard Deviation
2150,NCT02600845,Standard Deviation
8168,NCT01958437,Standard Deviation
2162,NCT02482610,Standard Deviation
2162,NCT02482610,Standard Deviation
2162,NCT02482610,Standard Deviation
2162,NCT02482610,Standard Deviation
8144,NCT02140775,Standard Deviation
2162,NCT02482610,Standard Deviation
2162,NCT02482610,Standard Deviation
2162,NCT02482610,Standard Deviation
2162,NCT02482610,Standard Deviation
8160,NCT01401023,Standard Deviation
8157,NCT03353922,Standard Deviation
8155,NCT00389493,Standard Deviation
2184,NCT03606460,Standard Deviation
8145,NCT01141049,Standard Deviation
2189,NCT01547286,Standard Deviation
8144,NCT02140775,Standard Deviation
1988,NCT01532986,Standard Deviation
1984,NCT01999322,Standard Deviation
8106,NCT00302055,Standard Deviation
1974,NCT00790803,Standard Deviation
1808,NCT01520038,Standard Deviation
8433,NCT01552213,Standard Deviation
8427,NCT01280591,Standard Deviation
1817,NCT03301298,Standard Deviation
8425,NCT01495858,Standard Deviation
8421,NCT00553319,Standard Deviation
8421,NCT00553319,Standard Deviation
8408,NCT01324999,Standard Deviation
8408,NCT01324999,Standard Deviation
1838,NCT00350337,Standard Deviation
8408,NCT01324999,Standard Deviation
8408,NCT01324999,Standard Deviation
8408,NCT01324999,Standard Deviation
8408,NCT01324999,Standard Deviation
8408,NCT01324999,Standard Deviation
8408,NCT01324999,Standard Deviation
8408,NCT01324999,Standard Deviation
8403,NCT00458211,Standard Deviation
8397,NCT02037568,Standard Deviation
8397,NCT02037568,Standard Deviation
8390,NCT00496483,Standard Deviation
8389,NCT01422135,Standard Deviation
8386,NCT01537887,Standard Deviation
1873,NCT01591408,Standard Deviation
8381,NCT00938782,Standard Deviation
1799,NCT00995410,Standard Deviation
1776,NCT00531661,Standard Deviation
8467,NCT01582451,Standard Deviation
1755,NCT00620282,Standard Deviation
8506,NCT01490697,Standard Deviation
1725,NCT01473953,Standard Deviation
8496,NCT02508935,Standard Deviation
1745,NCT01569841,Standard Deviation
1745,NCT01569841,Standard Deviation
1745,NCT01569841,Standard Deviation
8484,NCT01790438,Standard Deviation
8484,NCT01790438,Standard Deviation
8484,NCT01790438,Standard Deviation
1755,NCT00620282,Standard Deviation
1755,NCT00620282,Standard Deviation
1755,NCT00620282,Standard Deviation
8469,NCT00760383,Standard Deviation
1755,NCT00620282,Standard Deviation
1755,NCT00620282,Standard Deviation
1755,NCT00620282,Standard Deviation
1755,NCT00620282,Standard Deviation
1755,NCT00620282,Standard Deviation
1755,NCT00620282,Standard Deviation
1755,NCT00620282,Standard Deviation
1758,NCT01691378,Standard Deviation
1758,NCT01691378,Standard Deviation
1758,NCT01691378,Standard Deviation
1758,NCT01691378,Standard Deviation
1890,NCT00366301,Standard Deviation
8364,NCT04474405,Standard Deviation
1894,NCT01339390,Standard Deviation
8330,NCT00767806,Standard Deviation
8333,NCT01928719,Standard Deviation
8332,NCT01928758,Standard Deviation
8332,NCT01928758,Standard Deviation
8332,NCT01928758,Standard Deviation
8332,NCT01928758,Standard Deviation
8332,NCT01928758,Standard Deviation
8332,NCT01928758,Standard Deviation
8332,NCT01928758,Standard Deviation
8332,NCT01928758,Standard Deviation
8332,NCT01928758,Standard Deviation
1954,NCT00714168,Standard Deviation
8330,NCT00767806,Standard Deviation
8333,NCT01928719,Standard Deviation
8330,NCT00767806,Standard Deviation
1959,NCT02748889,Standard Deviation
8330,NCT00767806,Standard Deviation
8330,NCT00767806,Standard Deviation
8330,NCT00767806,Standard Deviation
8330,NCT00767806,Standard Deviation
8330,NCT00767806,Standard Deviation
8330,NCT00767806,Standard Deviation
8329,NCT00418314,Standard Deviation
1969,NCT00929071,Standard Deviation
8325,NCT00760474,Standard Deviation
8333,NCT01928719,Standard Deviation
8333,NCT01928719,Standard Deviation
1894,NCT01339390,Standard Deviation
8360,NCT00074802,Standard Deviation
8360,NCT00074802,Standard Deviation
1899,NCT03118297,Standard Deviation
1899,NCT03118297,Standard Deviation
8360,NCT00074802,Standard Deviation
8360,NCT00074802,Standard Deviation
1902,NCT02579057,Standard Deviation
1902,NCT02579057,Standard Deviation
1902,NCT02579057,Standard Deviation
8360,NCT00074802,Standard Deviation
8360,NCT00074802,Standard Deviation
8360,NCT00074802,Standard Deviation
1907,NCT01591655,Standard Deviation
8333,NCT01928719,Standard Deviation
1908,NCT00118898,Standard Deviation
1908,NCT00118898,Standard Deviation
1909,NCT01149759,Standard Deviation
8356,NCT02482935,Standard Deviation
8353,NCT00704912,Standard Deviation
8353,NCT00704912,Standard Deviation
8353,NCT00704912,Standard Deviation
8351,NCT01306201,Standard Deviation
8349,NCT01435616,Standard Deviation
1925,NCT00703508,Standard Deviation
1925,NCT00703508,Standard Deviation
2244,NCT00607620,Standard Deviation
8105,NCT02088177,Standard Deviation
7789,NCT02599961,Standard Deviation
7913,NCT00719563,Standard Deviation
7868,NCT00337467,Standard Deviation
7868,NCT00337467,Standard Deviation
7868,NCT00337467,Standard Deviation
7868,NCT00337467,Standard Deviation
7867,NCT00933270,Standard Deviation
7858,NCT01632241,Standard Deviation
7856,NCT02386098,Standard Deviation
7855,NCT00773734,Standard Deviation
7855,NCT00773734,Standard Deviation
2594,NCT01347762,Standard Deviation
2594,NCT01347762,Standard Deviation
2594,NCT01347762,Standard Deviation
2595,NCT02648204,Standard Deviation
2595,NCT02648204,Standard Deviation
2595,NCT02648204,Standard Deviation
2595,NCT02648204,Standard Deviation
7852,NCT01313208,Standard Deviation
7852,NCT01313208,Standard Deviation
7851,NCT00956631,Standard Deviation
7850,NCT01421303,Standard Deviation
7848,NCT02131272,Standard Deviation
7848,NCT02131272,Standard Deviation
2605,NCT00356122,Standard Deviation
2605,NCT00356122,Standard Deviation
2605,NCT00356122,Standard Deviation
2575,NCT00869609,Standard Deviation
7868,NCT00337467,Standard Deviation
2573,NCT00476021,Standard Deviation
7881,NCT01393626,Standard Deviation
2523,NCT00499746,Standard Deviation
2524,NCT01079234,Standard Deviation
2524,NCT01079234,Standard Deviation
2524,NCT01079234,Standard Deviation
2528,NCT02768103,Standard Deviation
7899,NCT00272779,Standard Deviation
2534,NCT01142908,Standard Deviation
7897,NCT02415595,Standard Deviation
2538,NCT01015820,Standard Deviation
2542,NCT01611948,Standard Deviation
7883,NCT01470599,Standard Deviation
2555,NCT01364428,Standard Deviation
7868,NCT00337467,Standard Deviation
2555,NCT01364428,Standard Deviation
2555,NCT01364428,Standard Deviation
2559,NCT00729690,Standard Deviation
7877,NCT00823979,Standard Deviation
7872,NCT04027218,Standard Deviation
7871,NCT00248040,Standard Deviation
7868,NCT00337467,Standard Deviation
2570,NCT01598896,Standard Deviation
2570,NCT01598896,Standard Deviation
2570,NCT01598896,Standard Deviation
7868,NCT00337467,Standard Deviation
2605,NCT00356122,Standard Deviation
7848,NCT02131272,Standard Deviation
7845,NCT02143648,Standard Deviation
2672,NCT03294538,Standard Deviation
7809,NCT01495923,Standard Deviation
2661,NCT00537303,Standard Deviation
2661,NCT00537303,Standard Deviation
2661,NCT00537303,Standard Deviation
2661,NCT00537303,Standard Deviation
2661,NCT00537303,Standard Deviation
2661,NCT00537303,Standard Deviation
7808,NCT01412541,Standard Deviation
7807,NCT01848184,Standard Deviation
7804,NCT00860470,Standard Deviation
7804,NCT00860470,Standard Deviation
2672,NCT03294538,Standard Deviation
7810,NCT03136484,Standard Deviation
2672,NCT03294538,Standard Deviation
2672,NCT03294538,Standard Deviation
7798,NCT00256750,Standard Deviation
7797,NCT00198822,Standard Deviation
2678,NCT00868309,Standard Deviation
2680,NCT00927862,Standard Deviation
7793,NCT02963922,Standard Deviation
7793,NCT02963922,Standard Deviation
7790,NCT01770743,Standard Deviation
7789,NCT02599961,Standard Deviation
7789,NCT02599961,Standard Deviation
7810,NCT03136484,Standard Deviation
2657,NCT01011829,Standard Deviation
7844,NCT02229851,Standard Deviation
7824,NCT01299272,Standard Deviation
7839,NCT00827112,Standard Deviation
7836,NCT02143973,Standard Deviation
7833,NCT01775995,Standard Deviation
7833,NCT01775995,Standard Deviation
7833,NCT01775995,Standard Deviation
7833,NCT01775995,Standard Deviation
7830,NCT00415168,Standard Deviation
7828,NCT01374906,Standard Deviation
2631,NCT00713479,Standard Deviation
7827,NCT02607865,Standard Deviation
7827,NCT02607865,Standard Deviation
7823,NCT01085136,Standard Deviation
2656,NCT02101515,Standard Deviation
2641,NCT03323723,Standard Deviation
7820,NCT01352637,Standard Deviation
2643,NCT01135992,Standard Deviation
2643,NCT01135992,Standard Deviation
2643,NCT01135992,Standard Deviation
2643,NCT01135992,Standard Deviation
7820,NCT01352637,Standard Deviation
7819,NCT00742859,Standard Deviation
7815,NCT02849080,Standard Deviation
7813,NCT02216123,Standard Deviation
7812,NCT01102972,Standard Deviation
7910,NCT01856673,Standard Deviation
7916,NCT01006018,Standard Deviation
8103,NCT01537068,Standard Deviation
7918,NCT01256294,Standard Deviation
8063,NCT00604214,Standard Deviation
8063,NCT00604214,Standard Deviation
8063,NCT00604214,Standard Deviation
2309,NCT01753115,Standard Deviation
8063,NCT00604214,Standard Deviation
8063,NCT00604214,Standard Deviation
2312,NCT02069379,Standard Deviation
2312,NCT02069379,Standard Deviation
2312,NCT02069379,Standard Deviation
8063,NCT00604214,Standard Deviation
8063,NCT00604214,Standard Deviation
2315,NCT02781844,Standard Deviation
2318,NCT03112993,Standard Deviation
2318,NCT03112993,Standard Deviation
2318,NCT03112993,Standard Deviation
2319,NCT03481270,Standard Deviation
2319,NCT03481270,Standard Deviation
2328,NCT03243084,Standard Deviation
2328,NCT03243084,Standard Deviation
2328,NCT03243084,Standard Deviation
8051,NCT02251743,Standard Deviation
8051,NCT02251743,Standard Deviation
8051,NCT02251743,Standard Deviation
2333,NCT00709696,Standard Deviation
8051,NCT02251743,Standard Deviation
8064,NCT01155830,Standard Deviation
2302,NCT02879812,Standard Deviation
2301,NCT01631747,Standard Deviation
8077,NCT00124943,Standard Deviation
2251,NCT00587990,Standard Deviation
2252,NCT02063178,Standard Deviation
2252,NCT02063178,Standard Deviation
2262,NCT01654315,Standard Deviation
2265,NCT02692417,Standard Deviation
2265,NCT02692417,Standard Deviation
2265,NCT02692417,Standard Deviation
2265,NCT02692417,Standard Deviation
2265,NCT02692417,Standard Deviation
2272,NCT01894581,Standard Deviation
2272,NCT01894581,Standard Deviation
8077,NCT00124943,Standard Deviation
2301,NCT01631747,Standard Deviation
8077,NCT00124943,Standard Deviation
8077,NCT00124943,Standard Deviation
8077,NCT00124943,Standard Deviation
8077,NCT00124943,Standard Deviation
8076,NCT02967016,Standard Deviation
8076,NCT02967016,Standard Deviation
2291,NCT00779142,Standard Deviation
8073,NCT02184494,Standard Deviation
2296,NCT02747433,Standard Deviation
2296,NCT02747433,Standard Deviation
2301,NCT01631747,Standard Deviation
2336,NCT03984838,Standard Deviation
8049,NCT01408147,Standard Deviation
8046,NCT01898299,Standard Deviation
7932,NCT01316055,Standard Deviation
7961,NCT00689728,Standard Deviation
7951,NCT00531817,Standard Deviation
7949,NCT00489411,Standard Deviation
7946,NCT01376349,Standard Deviation
2469,NCT02298192,Standard Deviation
2469,NCT02298192,Standard Deviation
2471,NCT00590161,Standard Deviation
7938,NCT00869206,Standard Deviation
7937,NCT00041119,Standard Deviation
2482,NCT02703909,Standard Deviation
2486,NCT00203996,Standard Deviation
7931,NCT00053898,Standard Deviation
2444,NCT02411396,Standard Deviation
2489,NCT01514279,Standard Deviation
2489,NCT01514279,Standard Deviation
7924,NCT02615470,Standard Deviation
7924,NCT02615470,Standard Deviation
7924,NCT02615470,Standard Deviation
2500,NCT01453894,Standard Deviation
7924,NCT02615470,Standard Deviation
7924,NCT02615470,Standard Deviation
2508,NCT02129608,Standard Deviation
2508,NCT02129608,Standard Deviation
2508,NCT02129608,Standard Deviation
2452,NCT02861131,Standard Deviation
7974,NCT01641809,Standard Deviation
8046,NCT01898299,Standard Deviation
8001,NCT02949128,Standard Deviation
8042,NCT01109576,Standard Deviation
8042,NCT01109576,Standard Deviation
2357,NCT03678870,Standard Deviation
8023,NCT00742781,Standard Deviation
8022,NCT02160847,Standard Deviation
2388,NCT00528931,Standard Deviation
2389,NCT01396044,Standard Deviation
2390,NCT00680706,Standard Deviation
2394,NCT02828111,Standard Deviation
2394,NCT02828111,Standard Deviation
8004,NCT01437852,Standard Deviation
2404,NCT00675506,Standard Deviation
2430,NCT01559649,Standard Deviation
7999,NCT01177137,Standard Deviation
7999,NCT01177137,Standard Deviation
7999,NCT01177137,Standard Deviation
7999,NCT01177137,Standard Deviation
7999,NCT01177137,Standard Deviation
2410,NCT00267631,Standard Deviation
7997,NCT02132650,Standard Deviation
7997,NCT02132650,Standard Deviation
7990,NCT00122447,Standard Deviation
7986,NCT00748098,Standard Deviation
2430,NCT01559649,Standard Deviation
7167,NCT02153346,Standard Deviation
3628,NCT00733096,Standard Deviation
8509,NCT01239368,Standard Deviation
6262,NCT01769612,Standard Deviation
6288,NCT00518713,Standard Deviation
6285,NCT00162981,Standard Deviation
4852,NCT03277846,Standard Deviation
6283,NCT00287469,Standard Deviation
6282,NCT00298610,Standard Deviation
6279,NCT00358332,Standard Deviation
6278,NCT00370682,Standard Deviation
4860,NCT00317473,Standard Deviation
4860,NCT00317473,Standard Deviation
4860,NCT00317473,Standard Deviation
4860,NCT00317473,Standard Deviation
4860,NCT00317473,Standard Deviation
4860,NCT00317473,Standard Deviation
4860,NCT00317473,Standard Deviation
4860,NCT00317473,Standard Deviation
6277,NCT00384670,Standard Deviation
4862,NCT01578499,Standard Deviation
6276,NCT00460525,Standard Deviation
6275,NCT00468858,Standard Deviation
6273,NCT00606580,Standard Deviation
6273,NCT00606580,Standard Deviation
6273,NCT00606580,Standard Deviation
6273,NCT00606580,Standard Deviation
6268,NCT01032382,Standard Deviation
6266,NCT01083576,Standard Deviation
4834,NCT01881828,Standard Deviation
4834,NCT01881828,Standard Deviation
4834,NCT01881828,Standard Deviation
4821,NCT00223990,Standard Deviation
4821,NCT00223990,Standard Deviation
4821,NCT00223990,Standard Deviation
4821,NCT00223990,Standard Deviation
4821,NCT00223990,Standard Deviation
4821,NCT00223990,Standard Deviation
4821,NCT00223990,Standard Deviation
4821,NCT00223990,Standard Deviation
4821,NCT00223990,Standard Deviation
4821,NCT00223990,Standard Deviation
4821,NCT00223990,Standard Deviation
4821,NCT00223990,Standard Deviation
4821,NCT00223990,Standard Deviation
4834,NCT01881828,Standard Deviation
4821,NCT00223990,Standard Deviation
4826,NCT01963169,Standard Deviation
6306,NCT01948947,Standard Deviation
4829,NCT02698371,Standard Deviation
4829,NCT02698371,Standard Deviation
6304,NCT02388880,Standard Deviation
4834,NCT01881828,Standard Deviation
4834,NCT01881828,Standard Deviation
4834,NCT01881828,Standard Deviation
4834,NCT01881828,Standard Deviation
4834,NCT01881828,Standard Deviation
6265,NCT01290601,Standard Deviation
6262,NCT01769612,Standard Deviation
3629,NCT00396318,Standard Deviation
6261,NCT01790659,Standard Deviation
6223,NCT02706951,Standard Deviation
6223,NCT02706951,Standard Deviation
6223,NCT02706951,Standard Deviation
6223,NCT02706951,Standard Deviation
6222,NCT02675426,Standard Deviation
6222,NCT02675426,Standard Deviation
6222,NCT02675426,Standard Deviation
6222,NCT02675426,Standard Deviation
6222,NCT02675426,Standard Deviation
6222,NCT02675426,Standard Deviation
6222,NCT02675426,Standard Deviation
6222,NCT02675426,Standard Deviation
6222,NCT02675426,Standard Deviation
6222,NCT02675426,Standard Deviation
6221,NCT02629159,Standard Deviation
6221,NCT02629159,Standard Deviation
6221,NCT02629159,Standard Deviation
6221,NCT02629159,Standard Deviation
6221,NCT02629159,Standard Deviation
6221,NCT02629159,Standard Deviation
4964,NCT00672204,Standard Deviation
6221,NCT02629159,Standard Deviation
6221,NCT02629159,Standard Deviation
6221,NCT02629159,Standard Deviation
6221,NCT02629159,Standard Deviation
6223,NCT02706951,Standard Deviation
6223,NCT02706951,Standard Deviation
6223,NCT02706951,Standard Deviation
6230,NCT00321932,Standard Deviation
6261,NCT01790659,Standard Deviation
6261,NCT01790659,Standard Deviation
6261,NCT01790659,Standard Deviation
6260,NCT01843621,Standard Deviation
4890,NCT01390649,Standard Deviation
4892,NCT01625910,Standard Deviation
4893,NCT02609308,Standard Deviation
4893,NCT02609308,Standard Deviation
4893,NCT02609308,Standard Deviation
4905,NCT01803464,Standard Deviation
4907,NCT01721473,Standard Deviation
6228,NCT02706847,Standard Deviation
6223,NCT02706951,Standard Deviation
6228,NCT02706847,Standard Deviation
6228,NCT02706847,Standard Deviation
6228,NCT02706847,Standard Deviation
6228,NCT02706847,Standard Deviation
6228,NCT02706847,Standard Deviation
6228,NCT02706847,Standard Deviation
6228,NCT02706847,Standard Deviation
6228,NCT02706847,Standard Deviation
6228,NCT02706847,Standard Deviation
6223,NCT02706951,Standard Deviation
6223,NCT02706951,Standard Deviation
4821,NCT00223990,Standard Deviation
4821,NCT00223990,Standard Deviation
4821,NCT00223990,Standard Deviation
4821,NCT00223990,Standard Deviation
4591,NCT01001325,Standard Deviation
4601,NCT01344616,Standard Deviation
4604,NCT00908830,Standard Deviation
6473,NCT00847912,Standard Deviation
6459,NCT02273206,Standard Deviation
4631,NCT01700517,Standard Deviation
6447,NCT01786603,Standard Deviation
4638,NCT02410278,Standard Deviation
4642,NCT01084239,Standard Deviation
4644,NCT02601625,Standard Deviation
6439,NCT02601820,Standard Deviation
6439,NCT02601820,Standard Deviation
6439,NCT02601820,Standard Deviation
6439,NCT02601820,Standard Deviation
6439,NCT02601820,Standard Deviation
6439,NCT02601820,Standard Deviation
4653,NCT01786109,Standard Deviation
4653,NCT01786109,Standard Deviation
6439,NCT02601820,Standard Deviation
6439,NCT02601820,Standard Deviation
6439,NCT02601820,Standard Deviation
6439,NCT02601820,Standard Deviation
6439,NCT02601820,Standard Deviation
4659,NCT02267317,Standard Deviation
4659,NCT02267317,Standard Deviation
6489,NCT02294318,Standard Deviation
6490,NCT02508480,Standard Deviation
6495,NCT02113410,Standard Deviation
4533,NCT02972515,Standard Deviation
6558,NCT00424294,Standard Deviation
4514,NCT00396162,Standard Deviation
4514,NCT00396162,Standard Deviation
6543,NCT01987908,Standard Deviation
6542,NCT00756444,Standard Deviation
6541,NCT01420016,Standard Deviation
6541,NCT01420016,Standard Deviation
6541,NCT01420016,Standard Deviation
6541,NCT01420016,Standard Deviation
6541,NCT01420016,Standard Deviation
4533,NCT02972515,Standard Deviation
4533,NCT02972515,Standard Deviation
6517,NCT02207803,Standard Deviation
4533,NCT02972515,Standard Deviation
4533,NCT02972515,Standard Deviation
4533,NCT02972515,Standard Deviation
6536,NCT01746979,Standard Deviation
4542,NCT00333229,Standard Deviation
4543,NCT01864564,Standard Deviation
4543,NCT01864564,Standard Deviation
4543,NCT01864564,Standard Deviation
6527,NCT02845700,Standard Deviation
4552,NCT00364182,Standard Deviation
4554,NCT01684722,Standard Deviation
4659,NCT02267317,Standard Deviation
4659,NCT02267317,Standard Deviation
6439,NCT02601820,Standard Deviation
6323,NCT00005879,Standard Deviation
6350,NCT02919267,Standard Deviation
6350,NCT02919267,Standard Deviation
6350,NCT02919267,Standard Deviation
6350,NCT02919267,Standard Deviation
4782,NCT03333876,Standard Deviation
4782,NCT03333876,Standard Deviation
4782,NCT03333876,Standard Deviation
4786,NCT02023151,Standard Deviation
6323,NCT00005879,Standard Deviation
6323,NCT00005879,Standard Deviation
6323,NCT00005879,Standard Deviation
6323,NCT00005879,Standard Deviation
6350,NCT02919267,Standard Deviation
4807,NCT02359045,Standard Deviation
6323,NCT00005879,Standard Deviation
4821,NCT00223990,Standard Deviation
4821,NCT00223990,Standard Deviation
4821,NCT00223990,Standard Deviation
4821,NCT00223990,Standard Deviation
4821,NCT00223990,Standard Deviation
4821,NCT00223990,Standard Deviation
4821,NCT00223990,Standard Deviation
4821,NCT00223990,Standard Deviation
4821,NCT00223990,Standard Deviation
6350,NCT02919267,Standard Deviation
6352,NCT02626611,Standard Deviation
6439,NCT02601820,Standard Deviation
6404,NCT01491919,Standard Deviation
6439,NCT02601820,Standard Deviation
6438,NCT02784106,Standard Deviation
4672,NCT00486811,Standard Deviation
4673,NCT01107379,Standard Deviation
6418,NCT00756652,Standard Deviation
6415,NCT01625221,Standard Deviation
6415,NCT01625221,Standard Deviation
6405,NCT01083654,Standard Deviation
6404,NCT01491919,Standard Deviation
6404,NCT01491919,Standard Deviation
4704,NCT02244957,Standard Deviation
6404,NCT01491919,Standard Deviation
6353,NCT00482612,Standard Deviation
4722,NCT02094898,Standard Deviation
6383,NCT02145299,Standard Deviation
6380,NCT01266122,Standard Deviation
6372,NCT00996281,Standard Deviation
6372,NCT00996281,Standard Deviation
6372,NCT00996281,Standard Deviation
6372,NCT00996281,Standard Deviation
6371,NCT02703948,Standard Deviation
6364,NCT00518323,Standard Deviation
4752,NCT01191411,Standard Deviation
4756,NCT00672594,Standard Deviation
4971,NCT02694978,Standard Deviation
4973,NCT02800642,Standard Deviation
6207,NCT00046475,Standard Deviation
5933,NCT00628498,Standard Deviation
5865,NCT03157531,Standard Deviation
5423,NCT02182115,Standard Deviation
5430,NCT01442493,Standard Deviation
5846,NCT00291161,Standard Deviation
5435,NCT00753012,Standard Deviation
5841,NCT02796651,Standard Deviation
5442,NCT02488915,Standard Deviation
5442,NCT02488915,Standard Deviation
5442,NCT02488915,Standard Deviation
5443,NCT00391365,Standard Deviation
5447,NCT02194088,Standard Deviation
5460,NCT00992264,Standard Deviation
5466,NCT00710606,Standard Deviation
5468,NCT01477762,Standard Deviation
5470,NCT01063153,Standard Deviation
5818,NCT01272284,Standard Deviation
5482,NCT00841269,Standard Deviation
5488,NCT00595504,Standard Deviation
5489,NCT01333865,Standard Deviation
5808,NCT02249182,Standard Deviation
5493,NCT00466206,Standard Deviation
5499,NCT01677195,Standard Deviation
5501,NCT00498355,Standard Deviation
5794,NCT01378065,Standard Deviation
5794,NCT01378065,Standard Deviation
5865,NCT03157531,Standard Deviation
5865,NCT03157531,Standard Deviation
5865,NCT03157531,Standard Deviation
5364,NCT01702311,Standard Deviation
5328,NCT01038323,Standard Deviation
5330,NCT00526994,Standard Deviation
5919,NCT01086475,Standard Deviation
5917,NCT01205646,Standard Deviation
5915,NCT01292876,Standard Deviation
5913,NCT01458561,Standard Deviation
5346,NCT00396812,Standard Deviation
5346,NCT00396812,Standard Deviation
5349,NCT00351416,Standard Deviation
5907,NCT01928849,Standard Deviation
5904,NCT02307916,Standard Deviation
5896,NCT01845636,Standard Deviation
5402,NCT01973608,Standard Deviation
5896,NCT01845636,Standard Deviation
5894,NCT02253654,Standard Deviation
5891,NCT00811954,Standard Deviation
5891,NCT00811954,Standard Deviation
5891,NCT00811954,Standard Deviation
5889,NCT01477710,Standard Deviation
5382,NCT00741091,Standard Deviation
5881,NCT02844543,Standard Deviation
5388,NCT01617083,Standard Deviation
5873,NCT01435512,Standard Deviation
5870,NCT01105091,Standard Deviation
5794,NCT01378065,Standard Deviation
5794,NCT01378065,Standard Deviation
5518,NCT01110005,Standard Deviation
5702,NCT03052530,Standard Deviation
5711,NCT02958267,Standard Deviation
5711,NCT02958267,Standard Deviation
5711,NCT02958267,Standard Deviation
5711,NCT02958267,Standard Deviation
5711,NCT02958267,Standard Deviation
5711,NCT02958267,Standard Deviation
5711,NCT02958267,Standard Deviation
5711,NCT02958267,Standard Deviation
5711,NCT02958267,Standard Deviation
5709,NCT00326495,Standard Deviation
5702,NCT03052530,Standard Deviation
5630,NCT01410084,Standard Deviation
5604,NCT00401414,Standard Deviation
5701,NCT01837524,Standard Deviation
5701,NCT01837524,Standard Deviation
5696,NCT02994108,Standard Deviation
5688,NCT00302042,Standard Deviation
5687,NCT00722800,Standard Deviation
5680,NCT03350217,Standard Deviation
5679,NCT00722761,Standard Deviation
5679,NCT00722761,Standard Deviation
5659,NCT01836445,Standard Deviation
5659,NCT01836445,Standard Deviation
5664,NCT01744782,Standard Deviation
5711,NCT02958267,Standard Deviation
5602,NCT01134510,Standard Deviation
5779,NCT00721149,Standard Deviation
5560,NCT01157117,Standard Deviation
5777,NCT00273910,Standard Deviation
5531,NCT02362425,Standard Deviation
5531,NCT02362425,Standard Deviation
5538,NCT01160458,Standard Deviation
5764,NCT00923247,Standard Deviation
5755,NCT01191788,Standard Deviation
5558,NCT03020719,Standard Deviation
5558,NCT03020719,Standard Deviation
5560,NCT01157117,Standard Deviation
5560,NCT01157117,Standard Deviation
5560,NCT01157117,Standard Deviation
5560,NCT01157117,Standard Deviation
5594,NCT02600819,Standard Deviation
5560,NCT01157117,Standard Deviation
5562,NCT01611194,Standard Deviation
5562,NCT01611194,Standard Deviation
5562,NCT01611194,Standard Deviation
5562,NCT01611194,Standard Deviation
5566,NCT00473642,Standard Deviation
5568,NCT01992874,Standard Deviation
5573,NCT01034579,Standard Deviation
5741,NCT01014533,Standard Deviation
5736,NCT02147522,Standard Deviation
5730,NCT03080493,Standard Deviation
5328,NCT01038323,Standard Deviation
5317,NCT01308814,Standard Deviation
6205,NCT01656889,Standard Deviation
5315,NCT00588692,Standard Deviation
6149,NCT00749203,Standard Deviation
6149,NCT00749203,Standard Deviation
6149,NCT00749203,Standard Deviation
6149,NCT00749203,Standard Deviation
6147,NCT00763009,Standard Deviation
6140,NCT00870545,Standard Deviation
5076,NCT01001221,Standard Deviation
5076,NCT01001221,Standard Deviation
5076,NCT01001221,Standard Deviation
6136,NCT00972439,Standard Deviation
6134,NCT00986986,Standard Deviation
6126,NCT01155024,Standard Deviation
6126,NCT01155024,Standard Deviation
5090,NCT00313144,Standard Deviation
6126,NCT01155024,Standard Deviation
6119,NCT01305811,Standard Deviation
6114,NCT01345591,Standard Deviation
6114,NCT01345591,Standard Deviation
6109,NCT01390064,Standard Deviation
6109,NCT01390064,Standard Deviation
6109,NCT01390064,Standard Deviation
6109,NCT01390064,Standard Deviation
6102,NCT01466127,Standard Deviation
6096,NCT01564407,Standard Deviation
5128,NCT01395784,Standard Deviation
5059,NCT00356200,Standard Deviation
6151,NCT00742001,Standard Deviation
6151,NCT00742001,Standard Deviation
6189,NCT02063230,Standard Deviation
4991,NCT01174173,Standard Deviation
4991,NCT01174173,Standard Deviation
4991,NCT01174173,Standard Deviation
4991,NCT01174173,Standard Deviation
4998,NCT01874951,Standard Deviation
4998,NCT01874951,Standard Deviation
4998,NCT01874951,Standard Deviation
4998,NCT01874951,Standard Deviation
4998,NCT01874951,Standard Deviation
4998,NCT01874951,Standard Deviation
6195,NCT01249625,Standard Deviation
6187,NCT00494975,Standard Deviation
6151,NCT00742001,Standard Deviation
6183,NCT00122369,Standard Deviation
5019,NCT00324675,Standard Deviation
6179,NCT00256724,Standard Deviation
5026,NCT02233517,Standard Deviation
6158,NCT00636441,Standard Deviation
5043,NCT00901459,Standard Deviation
5047,NCT01500083,Standard Deviation
6151,NCT00742001,Standard Deviation
6151,NCT00742001,Standard Deviation
6151,NCT00742001,Standard Deviation
6151,NCT00742001,Standard Deviation
5129,NCT01341587,Standard Deviation
6092,NCT01633892,Standard Deviation
6092,NCT01633892,Standard Deviation
5282,NCT01444378,Standard Deviation
5218,NCT02138838,Standard Deviation
5221,NCT02257372,Standard Deviation
5231,NCT03018106,Standard Deviation
5235,NCT00645047,Standard Deviation
5257,NCT01972464,Standard Deviation
5257,NCT01972464,Standard Deviation
5257,NCT01972464,Standard Deviation
5257,NCT01972464,Standard Deviation
5272,NCT02343263,Standard Deviation
5968,NCT02367521,Standard Deviation
5968,NCT02367521,Standard Deviation
5965,NCT01078909,Standard Deviation
5207,NCT01253408,Standard Deviation
5292,NCT01655043,Standard Deviation
5957,NCT02267187,Standard Deviation
5956,NCT02253147,Standard Deviation
5954,NCT00506389,Standard Deviation
5953,NCT01537081,Standard Deviation
5952,NCT00480779,Standard Deviation
5300,NCT01724489,Standard Deviation
5943,NCT01673828,Standard Deviation
5941,NCT00633087,Standard Deviation
5938,NCT02319967,Standard Deviation
5315,NCT00588692,Standard Deviation
5218,NCT02138838,Standard Deviation
5207,NCT01253408,Standard Deviation
6088,NCT01673594,Standard Deviation
5175,NCT02945046,Standard Deviation
6082,NCT01760785,Standard Deviation
6077,NCT01828983,Standard Deviation
5150,NCT02172040,Standard Deviation
5150,NCT02172040,Standard Deviation
6075,NCT01847469,Standard Deviation
6072,NCT01943825,Standard Deviation
6069,NCT02019927,Standard Deviation
6061,NCT02240329,Standard Deviation
6058,NCT02318979,Standard Deviation
6058,NCT02318979,Standard Deviation
6058,NCT02318979,Standard Deviation
5175,NCT02945046,Standard Deviation
5195,NCT01387178,Standard Deviation
5176,NCT02964338,Standard Deviation
5176,NCT02964338,Standard Deviation
6054,NCT02378025,Standard Deviation
6049,NCT02605876,Standard Deviation
5186,NCT01657760,Standard Deviation
5189,NCT02979197,Standard Deviation
5189,NCT02979197,Standard Deviation
5192,NCT01109524,Standard Deviation
5194,NCT01347112,Standard Deviation
5194,NCT01347112,Standard Deviation
5195,NCT01387178,Standard Deviation
4508,NCT01169259,Standard Deviation
4505,NCT00202878,Standard Deviation
6569,NCT00525837,Standard Deviation
7026,NCT03237013,Standard Deviation
7015,NCT00942890,Standard Deviation
7011,NCT01464307,Standard Deviation
7010,NCT01894230,Standard Deviation
3868,NCT01904604,Standard Deviation
3868,NCT01904604,Standard Deviation
3868,NCT01904604,Standard Deviation
3868,NCT01904604,Standard Deviation
3868,NCT01904604,Standard Deviation
3868,NCT01904604,Standard Deviation
3870,NCT01486264,Standard Deviation
3877,NCT02173379,Standard Deviation
6999,NCT02155829,Standard Deviation
6999,NCT02155829,Standard Deviation
3884,NCT00491738,Standard Deviation
3896,NCT00523978,Standard Deviation
6984,NCT00233090,Standard Deviation
6983,NCT00233103,Standard Deviation
3902,NCT02213198,Standard Deviation
3909,NCT00384397,Standard Deviation
6972,NCT00735670,Standard Deviation
6972,NCT00735670,Standard Deviation
3915,NCT00972283,Standard Deviation
3915,NCT00972283,Standard Deviation
6967,NCT01115998,Standard Deviation
3922,NCT00926796,Standard Deviation
3858,NCT02595073,Standard Deviation
3858,NCT02595073,Standard Deviation
3858,NCT02595073,Standard Deviation
3837,NCT01814722,Standard Deviation
3831,NCT00325754,Standard Deviation
3831,NCT00325754,Standard Deviation
3831,NCT00325754,Standard Deviation
3831,NCT00325754,Standard Deviation
3831,NCT00325754,Standard Deviation
3831,NCT00325754,Standard Deviation
7026,NCT03237013,Standard Deviation
7026,NCT03237013,Standard Deviation
7026,NCT03237013,Standard Deviation
7026,NCT03237013,Standard Deviation
7026,NCT03237013,Standard Deviation
7026,NCT03237013,Standard Deviation
3858,NCT02595073,Standard Deviation
7026,NCT03237013,Standard Deviation
3840,NCT02750930,Standard Deviation
7026,NCT03237013,Standard Deviation
7026,NCT03237013,Standard Deviation
3843,NCT03500159,Standard Deviation
7026,NCT03237013,Standard Deviation
7026,NCT03237013,Standard Deviation
7026,NCT03237013,Standard Deviation
7025,NCT02558829,Standard Deviation
7025,NCT02558829,Standard Deviation
3851,NCT00094094,Standard Deviation
6962,NCT01429077,Standard Deviation
3926,NCT00453362,Standard Deviation
3927,NCT03354663,Standard Deviation
4012,NCT01390909,Standard Deviation
3985,NCT02933502,Standard Deviation
6911,NCT00909857,Standard Deviation
4000,NCT01154101,Standard Deviation
6905,NCT01751230,Standard Deviation
6905,NCT01751230,Standard Deviation
6905,NCT01751230,Standard Deviation
6905,NCT01751230,Standard Deviation
6905,NCT01751230,Standard Deviation
6905,NCT01751230,Standard Deviation
4012,NCT01390909,Standard Deviation
4012,NCT01390909,Standard Deviation
6905,NCT01751230,Standard Deviation
3984,NCT01028937,Standard Deviation
4014,NCT01590888,Standard Deviation
4014,NCT01590888,Standard Deviation
4014,NCT01590888,Standard Deviation
4014,NCT01590888,Standard Deviation
4014,NCT01590888,Standard Deviation
4014,NCT01590888,Standard Deviation
6905,NCT01751230,Standard Deviation
6905,NCT01751230,Standard Deviation
4024,NCT00356915,Standard Deviation
6895,NCT01257581,Standard Deviation
6895,NCT01257581,Standard Deviation
3985,NCT02933502,Standard Deviation
3983,NCT01956669,Standard Deviation
3928,NCT00617851,Standard Deviation
6933,NCT01955382,Standard Deviation
3929,NCT00418938,Standard Deviation
3939,NCT00157755,Standard Deviation
3940,NCT02932878,Standard Deviation
3940,NCT02932878,Standard Deviation
6941,NCT01707030,Standard Deviation
3955,NCT02720510,Standard Deviation
3956,NCT00982644,Standard Deviation
3956,NCT00982644,Standard Deviation
3956,NCT00982644,Standard Deviation
6933,NCT01955382,Standard Deviation
6933,NCT01955382,Standard Deviation
6933,NCT01955382,Standard Deviation
6926,NCT01510327,Standard Deviation
6933,NCT01955382,Standard Deviation
6926,NCT01510327,Standard Deviation
6926,NCT01510327,Standard Deviation
6926,NCT01510327,Standard Deviation
6926,NCT01510327,Standard Deviation
6926,NCT01510327,Standard Deviation
6926,NCT01510327,Standard Deviation
3979,NCT00905125,Standard Deviation
3980,NCT00644332,Standard Deviation
3980,NCT00644332,Standard Deviation
3980,NCT00644332,Standard Deviation
7026,NCT03237013,Standard Deviation
7026,NCT03237013,Standard Deviation
6895,NCT01257581,Standard Deviation
7027,NCT01500434,Standard Deviation
3679,NCT00084136,Standard Deviation
3679,NCT00084136,Standard Deviation
3681,NCT01411891,Standard Deviation
3684,NCT00684021,Standard Deviation
3700,NCT00729937,Standard Deviation
3702,NCT01980485,Standard Deviation
3703,NCT00395876,Standard Deviation
7109,NCT00349622,Standard Deviation
7109,NCT00349622,Standard Deviation
7109,NCT00349622,Standard Deviation
7107,NCT00134784,Standard Deviation
3710,NCT00312845,Standard Deviation
3712,NCT01272232,Standard Deviation
3712,NCT01272232,Standard Deviation
3712,NCT01272232,Standard Deviation
3712,NCT01272232,Standard Deviation
3712,NCT01272232,Standard Deviation
3712,NCT01272232,Standard Deviation
3712,NCT01272232,Standard Deviation
3714,NCT00294723,Standard Deviation
3714,NCT00294723,Standard Deviation
3714,NCT00294723,Standard Deviation
3714,NCT00294723,Standard Deviation
3719,NCT00528840,Standard Deviation
3727,NCT00528606,Standard Deviation
7131,NCT02330081,Standard Deviation
7131,NCT02330081,Standard Deviation
7131,NCT02330081,Standard Deviation
3644,NCT00518882,Standard Deviation
3631,NCT02587520,Standard Deviation
3632,NCT00978627,Standard Deviation
3632,NCT00978627,Standard Deviation
3632,NCT00978627,Standard Deviation
7160,NCT02638051,Standard Deviation
7160,NCT02638051,Standard Deviation
7160,NCT02638051,Standard Deviation
3637,NCT00336232,Standard Deviation
3638,NCT00608426,Standard Deviation
3643,NCT00936897,Standard Deviation
3644,NCT00518882,Standard Deviation
3644,NCT00518882,Standard Deviation
3669,NCT01951417,Standard Deviation
3644,NCT00518882,Standard Deviation
3644,NCT00518882,Standard Deviation
3644,NCT00518882,Standard Deviation
3656,NCT01668667,Standard Deviation
3656,NCT01668667,Standard Deviation
3662,NCT00787566,Standard Deviation
3664,NCT01261325,Standard Deviation
3664,NCT01261325,Standard Deviation
3664,NCT01261325,Standard Deviation
3664,NCT01261325,Standard Deviation
3669,NCT01951417,Standard Deviation
3729,NCT02191137,Standard Deviation
3729,NCT02191137,Standard Deviation
3729,NCT02191137,Standard Deviation
7032,NCT01747811,Standard Deviation
7040,NCT01884545,Standard Deviation
7040,NCT01884545,Standard Deviation
3806,NCT00578812,Standard Deviation
3807,NCT00551200,Standard Deviation
7035,NCT00409786,Standard Deviation
3810,NCT00094107,Standard Deviation
3812,NCT01264887,Standard Deviation
3812,NCT01264887,Standard Deviation
3812,NCT01264887,Standard Deviation
3812,NCT01264887,Standard Deviation
3813,NCT00125138,Standard Deviation
3816,NCT00106431,Standard Deviation
7040,NCT01884545,Standard Deviation
3819,NCT00725101,Standard Deviation
3819,NCT00725101,Standard Deviation
3819,NCT00725101,Standard Deviation
3819,NCT00725101,Standard Deviation
3819,NCT00725101,Standard Deviation
3819,NCT00725101,Standard Deviation
3821,NCT00796419,Standard Deviation
3823,NCT01894087,Standard Deviation
7027,NCT01500434,Standard Deviation
7027,NCT01500434,Standard Deviation
7027,NCT01500434,Standard Deviation
7040,NCT01884545,Standard Deviation
7040,NCT01884545,Standard Deviation
3729,NCT02191137,Standard Deviation
7066,NCT00633009,Standard Deviation
3729,NCT02191137,Standard Deviation
3729,NCT02191137,Standard Deviation
3729,NCT02191137,Standard Deviation
3731,NCT01786993,Standard Deviation
3731,NCT01786993,Standard Deviation
3736,NCT02391948,Standard Deviation
7081,NCT00367770,Standard Deviation
7079,NCT00955201,Standard Deviation
7072,NCT01199380,Standard Deviation
7071,NCT01912287,Standard Deviation
7069,NCT00393874,Standard Deviation
3765,NCT01338506,Standard Deviation
7040,NCT01884545,Standard Deviation
7060,NCT01121250,Standard Deviation
3773,NCT00454779,Standard Deviation
3776,NCT00087529,Standard Deviation
3777,NCT00486018,Standard Deviation
3778,NCT00485836,Standard Deviation
3780,NCT00094055,Standard Deviation
7041,NCT01294150,Standard Deviation
7040,NCT01884545,Standard Deviation
7040,NCT01884545,Standard Deviation
7040,NCT01884545,Standard Deviation
7040,NCT01884545,Standard Deviation
6895,NCT01257581,Standard Deviation
6895,NCT01257581,Standard Deviation
6571,NCT02049151,Standard Deviation
4253,NCT00576693,Standard Deviation
4283,NCT00726661,Standard Deviation
6719,NCT01087736,Standard Deviation
6719,NCT01087736,Standard Deviation
6719,NCT01087736,Standard Deviation
6719,NCT01087736,Standard Deviation
6719,NCT01087736,Standard Deviation
6719,NCT01087736,Standard Deviation
6719,NCT01087736,Standard Deviation
6719,NCT01087736,Standard Deviation
6719,NCT01087736,Standard Deviation
6714,NCT01391832,Standard Deviation
6710,NCT01632709,Standard Deviation
6709,NCT01672658,Standard Deviation
4309,NCT01897896,Standard Deviation
6699,NCT02816346,Standard Deviation
6697,NCT03305055,Standard Deviation
4329,NCT00683085,Standard Deviation
4332,NCT01587703,Standard Deviation
6683,NCT02987543,Standard Deviation
6677,NCT01911390,Standard Deviation
4348,NCT02192684,Standard Deviation
4348,NCT02192684,Standard Deviation
4348,NCT02192684,Standard Deviation
6667,NCT02792699,Standard Deviation
6667,NCT02792699,Standard Deviation
4280,NCT00422448,Standard Deviation
6728,NCT00310791,Standard Deviation
4274,NCT00358917,Standard Deviation
4254,NCT01190254,Standard Deviation
4253,NCT00576693,Standard Deviation
4253,NCT00576693,Standard Deviation
4254,NCT01190254,Standard Deviation
4254,NCT01190254,Standard Deviation
4254,NCT01190254,Standard Deviation
4254,NCT01190254,Standard Deviation
4254,NCT01190254,Standard Deviation
4254,NCT01190254,Standard Deviation
4254,NCT01190254,Standard Deviation
4254,NCT01190254,Standard Deviation
4254,NCT01190254,Standard Deviation
4254,NCT01190254,Standard Deviation
4274,NCT00358917,Standard Deviation
4254,NCT01190254,Standard Deviation
4254,NCT01190254,Standard Deviation
4254,NCT01190254,Standard Deviation
4254,NCT01190254,Standard Deviation
6745,NCT01233609,Standard Deviation
4263,NCT01401842,Standard Deviation
4263,NCT01401842,Standard Deviation
4263,NCT01401842,Standard Deviation
4263,NCT01401842,Standard Deviation
4265,NCT02685826,Standard Deviation
4274,NCT00358917,Standard Deviation
6667,NCT02792699,Standard Deviation
4361,NCT00522041,Standard Deviation
4369,NCT02230566,Standard Deviation
6581,NCT01684748,Standard Deviation
4458,NCT00292942,Standard Deviation
4458,NCT00292942,Standard Deviation
4460,NCT00248833,Standard Deviation
6583,NCT03905642,Standard Deviation
6583,NCT03905642,Standard Deviation
6583,NCT03905642,Standard Deviation
6581,NCT01684748,Standard Deviation
6581,NCT01684748,Standard Deviation
6581,NCT01684748,Standard Deviation
6581,NCT01684748,Standard Deviation
6581,NCT01684748,Standard Deviation
6581,NCT01684748,Standard Deviation
4458,NCT00292942,Standard Deviation
6581,NCT01684748,Standard Deviation
6581,NCT01684748,Standard Deviation
6581,NCT01684748,Standard Deviation
6581,NCT01684748,Standard Deviation
6581,NCT01684748,Standard Deviation
4483,NCT03054103,Standard Deviation
6576,NCT00689221,Standard Deviation
6575,NCT02083679,Standard Deviation
6574,NCT00777296,Standard Deviation
6572,NCT00813943,Standard Deviation
4493,NCT02037555,Standard Deviation
4458,NCT00292942,Standard Deviation
4451,NCT00884377,Standard Deviation
4387,NCT01811316,Standard Deviation
6620,NCT00342355,Standard Deviation
6644,NCT01739803,Standard Deviation
4390,NCT01296698,Standard Deviation
4392,NCT02344576,Standard Deviation
4392,NCT02344576,Standard Deviation
4392,NCT02344576,Standard Deviation
4392,NCT02344576,Standard Deviation
4395,NCT01040832,Standard Deviation
6637,NCT00254072,Standard Deviation
6635,NCT02963987,Standard Deviation
4413,NCT02551666,Standard Deviation
4413,NCT02551666,Standard Deviation
4430,NCT02930226,Standard Deviation
6596,NCT01381406,Standard Deviation
4430,NCT02930226,Standard Deviation
4430,NCT02930226,Standard Deviation
4430,NCT02930226,Standard Deviation
6608,NCT00202449,Standard Deviation
6607,NCT00290186,Standard Deviation
4437,NCT01877421,Standard Deviation
4438,NCT01846104,Standard Deviation
6604,NCT00984698,Standard Deviation
4440,NCT01666652,Standard Deviation
6600,NCT02383472,Standard Deviation
6596,NCT01381406,Standard Deviation
4253,NCT00576693,Standard Deviation
4253,NCT00576693,Standard Deviation
6895,NCT01257581,Standard Deviation
4252,NCT00321971,Standard Deviation
4062,NCT02230332,Standard Deviation
4062,NCT02230332,Standard Deviation
4062,NCT02230332,Standard Deviation
4063,NCT00180479,Standard Deviation
4065,NCT01714323,Standard Deviation
4067,NCT00761813,Standard Deviation
4077,NCT01871506,Standard Deviation
4079,NCT00837434,Standard Deviation
4079,NCT00837434,Standard Deviation
4079,NCT00837434,Standard Deviation
4079,NCT00837434,Standard Deviation
4079,NCT00837434,Standard Deviation
4079,NCT00837434,Standard Deviation
4079,NCT00837434,Standard Deviation
4079,NCT00837434,Standard Deviation
4079,NCT00837434,Standard Deviation
4080,NCT03077438,Standard Deviation
4085,NCT00945906,Standard Deviation
4087,NCT00472303,Standard Deviation
4089,NCT02199691,Standard Deviation
6850,NCT02286921,Standard Deviation
6850,NCT02286921,Standard Deviation
6850,NCT02286921,Standard Deviation
6850,NCT02286921,Standard Deviation
4104,NCT03289676,Standard Deviation
4061,NCT00835120,Standard Deviation
4061,NCT00835120,Standard Deviation
4061,NCT00835120,Standard Deviation
4035,NCT00555217,Standard Deviation
4034,NCT00799617,Standard Deviation
4035,NCT00555217,Standard Deviation
4035,NCT00555217,Standard Deviation
4035,NCT00555217,Standard Deviation
4035,NCT00555217,Standard Deviation
4035,NCT00555217,Standard Deviation
4035,NCT00555217,Standard Deviation
4035,NCT00555217,Standard Deviation
4035,NCT00555217,Standard Deviation
4035,NCT00555217,Standard Deviation
4035,NCT00555217,Standard Deviation
4037,NCT00039741,Standard Deviation
4061,NCT00835120,Standard Deviation
4037,NCT00039741,Standard Deviation
4037,NCT00039741,Standard Deviation
4039,NCT01192178,Standard Deviation
4050,NCT02914275,Standard Deviation
4050,NCT02914275,Standard Deviation
4050,NCT02914275,Standard Deviation
4060,NCT02842866,Standard Deviation
4061,NCT00835120,Standard Deviation
4061,NCT00835120,Standard Deviation
4061,NCT00835120,Standard Deviation
4061,NCT00835120,Standard Deviation
4104,NCT03289676,Standard Deviation
4107,NCT02804750,Standard Deviation
4116,NCT02236598,Standard Deviation
4196,NCT00970853,Standard Deviation
6795,NCT02238483,Standard Deviation
4187,NCT01795547,Standard Deviation
4190,NCT02564055,Standard Deviation
4194,NCT00200057,Standard Deviation
4194,NCT00200057,Standard Deviation
4194,NCT00200057,Standard Deviation
4194,NCT00200057,Standard Deviation
4194,NCT00200057,Standard Deviation
4194,NCT00200057,Standard Deviation
4194,NCT00200057,Standard Deviation
4194,NCT00200057,Standard Deviation
6781,NCT02115646,Standard Deviation
6799,NCT03063385,Standard Deviation
6781,NCT02115646,Standard Deviation
6781,NCT02115646,Standard Deviation
6781,NCT02115646,Standard Deviation
4211,NCT02322333,Standard Deviation
6781,NCT02115646,Standard Deviation
4214,NCT02316353,Standard Deviation
6778,NCT02334384,Standard Deviation
4221,NCT01190267,Standard Deviation
4234,NCT03521817,Standard Deviation
4236,NCT00332709,Standard Deviation
4243,NCT00308061,Standard Deviation
6796,NCT02445196,Standard Deviation
6799,NCT03063385,Standard Deviation
4116,NCT02236598,Standard Deviation
6799,NCT03063385,Standard Deviation
4134,NCT02961751,Standard Deviation
4140,NCT02354482,Standard Deviation
4144,NCT01110200,Standard Deviation
4145,NCT00135798,Standard Deviation
4148,NCT03055858,Standard Deviation
4151,NCT02664610,Standard Deviation
4153,NCT00974259,Standard Deviation
4153,NCT00974259,Standard Deviation
4158,NCT02842853,Standard Deviation
4159,NCT00703846,Standard Deviation
6799,NCT03063385,Standard Deviation
6799,NCT03063385,Standard Deviation
4180,NCT03008837,Standard Deviation
6799,NCT03063385,Standard Deviation
6799,NCT03063385,Standard Deviation
6799,NCT03063385,Standard Deviation
4172,NCT02564042,Standard Deviation
6799,NCT03063385,Standard Deviation
6799,NCT03063385,Standard Deviation
6799,NCT03063385,Standard Deviation
6799,NCT03063385,Standard Deviation
6799,NCT03063385,Standard Deviation
6799,NCT03063385,Standard Deviation
4179,NCT00959764,Standard Deviation
8508,NCT01182727,Standard Deviation
2878,NCT01676116,Standard Deviation
1065,NCT01589978,Standard Deviation
8569,NCT02247765,Standard Deviation
1475,NCT00290147,Standard Deviation
1473,NCT02140762,Standard Deviation
1616,NCT03866434,Standard Deviation
1617,NCT01847560,Standard Deviation
8955,NCT02290223,Standard Deviation
8955,NCT02290223,Standard Deviation
8955,NCT02290223,Standard Deviation
1467,NCT01093885,Standard Deviation
1467,NCT01093885,Standard Deviation
1464,NCT00805948,Standard Deviation
131,NCT02939131,Standard Deviation
131,NCT02939131,Standard Deviation
1461,NCT02009930,Standard Deviation
8566,NCT02187055,Standard Deviation
1628,NCT00722124,Standard Deviation
1628,NCT00722124,Standard Deviation
1460,NCT02984943,Standard Deviation
8564,NCT02835495,Standard Deviation
8564,NCT02835495,Standard Deviation
8564,NCT02835495,Standard Deviation
8564,NCT02835495,Standard Deviation
131,NCT02939131,Standard Deviation
1612,NCT00715026,Standard Deviation
1476,NCT02285777,Standard Deviation
1091,NCT02817841,Standard Deviation
1609,NCT03293654,Standard Deviation
8825,NCT02899988,Standard Deviation
8676,NCT01515475,Standard Deviation
8676,NCT01515475,Standard Deviation
8676,NCT01515475,Standard Deviation
8581,NCT00266864,Standard Deviation
8676,NCT01515475,Standard Deviation
1491,NCT02223065,Standard Deviation
8581,NCT00266864,Standard Deviation
8676,NCT01515475,Standard Deviation
131,NCT02939131,Standard Deviation
8676,NCT01515475,Standard Deviation
8676,NCT01515475,Standard Deviation
1486,NCT02424383,Standard Deviation
8820,NCT01330420,Standard Deviation
1479,NCT01858428,Standard Deviation
1479,NCT01858428,Standard Deviation
1609,NCT03293654,Standard Deviation
131,NCT02939131,Standard Deviation
131,NCT02939131,Standard Deviation
1609,NCT03293654,Standard Deviation
1091,NCT02817841,Standard Deviation
131,NCT02939131,Standard Deviation
131,NCT02939131,Standard Deviation
1086,NCT00936715,Standard Deviation
8812,NCT01265953,Standard Deviation
1023,NCT02755831,Standard Deviation
1023,NCT02755831,Standard Deviation
8814,NCT01932242,Standard Deviation
1641,NCT00585104,Standard Deviation
1641,NCT00585104,Standard Deviation
1642,NCT01640171,Standard Deviation
1179,NCT01769456,Standard Deviation
1649,NCT02556112,Standard Deviation
1649,NCT02556112,Standard Deviation
1574,NCT01557868,Standard Deviation
1649,NCT02556112,Standard Deviation
131,NCT02939131,Standard Deviation
1650,NCT01329679,Standard Deviation
8812,NCT01265953,Standard Deviation
8811,NCT02696291,Standard Deviation
1449,NCT00642603,Standard Deviation
8552,NCT01710358,Standard Deviation
8552,NCT01710358,Standard Deviation
8552,NCT01710358,Standard Deviation
8811,NCT02696291,Standard Deviation
1019,NCT01317667,Standard Deviation
8552,NCT01710358,Standard Deviation
136,NCT01568424,Standard Deviation
135,NCT01369030,Standard Deviation
1179,NCT01769456,Standard Deviation
8814,NCT01932242,Standard Deviation
131,NCT02939131,Standard Deviation
1268,NCT00328926,Standard Deviation
1456,NCT03400475,Standard Deviation
1455,NCT01342029,Standard Deviation
8814,NCT01932242,Standard Deviation
1452,NCT00997503,Standard Deviation
1452,NCT00997503,Standard Deviation
1452,NCT00997503,Standard Deviation
8893,NCT01664624,Standard Deviation
1452,NCT00997503,Standard Deviation
1452,NCT00997503,Standard Deviation
1452,NCT00997503,Standard Deviation
1452,NCT00997503,Standard Deviation
8814,NCT01932242,Standard Deviation
1637,NCT03334175,Standard Deviation
1452,NCT00997503,Standard Deviation
1637,NCT03334175,Standard Deviation
1637,NCT03334175,Standard Deviation
1638,NCT03338803,Standard Deviation
1452,NCT00997503,Standard Deviation
1179,NCT01769456,Standard Deviation
127,NCT01256164,Standard Deviation
68,NCT01154296,Standard Deviation
1017,NCT02200055,Standard Deviation
1065,NCT01589978,Standard Deviation
1553,NCT02228967,Standard Deviation
9932,NCT03807739,Standard Deviation
8858,NCT02206607,Standard Deviation
8975,NCT01721044,Standard Deviation
9932,NCT03807739,Standard Deviation
8627,NCT01007552,Standard Deviation
9423,NCT04218799,Standard Deviation
8975,NCT01721044,Standard Deviation
1066,NCT03975790,Standard Deviation
1065,NCT01589978,Standard Deviation
8851,NCT01835223,Standard Deviation
9731,NCT03961308,Standard Deviation
9932,NCT03807739,Standard Deviation
9932,NCT03807739,Standard Deviation
8634,NCT02019667,Standard Deviation
8635,NCT00833898,Standard Deviation
107,NCT00351741,Standard Deviation
8850,NCT01435603,Standard Deviation
1080,NCT01411839,Standard Deviation
1080,NCT01411839,Standard Deviation
8848,NCT01033942,Standard Deviation
8975,NCT01721044,Standard Deviation
1553,NCT02228967,Standard Deviation
8975,NCT01721044,Standard Deviation
99,NCT02746809,Standard Deviation
1553,NCT02228967,Standard Deviation
1568,NCT02209259,Standard Deviation
8612,NCT01502761,Standard Deviation
8613,NCT01312181,Standard Deviation
8614,NCT00253448,Standard Deviation
8871,NCT01137006,Standard Deviation
1075,NCT00618956,Standard Deviation
1562,NCT02016482,Standard Deviation
1561,NCT01949844,Standard Deviation
8868,NCT02679729,Standard Deviation
1212,NCT00373958,Standard Deviation
1213,NCT03310580,Standard Deviation
8866,NCT01104701,Standard Deviation
1073,NCT01306968,Standard Deviation
1073,NCT01306968,Standard Deviation
1080,NCT01411839,Standard Deviation
83,NCT02128542,Standard Deviation
83,NCT02128542,Standard Deviation
8876,NCT02085473,Standard Deviation
95,NCT02207569,Standard Deviation
8622,NCT03616171,Standard Deviation
1553,NCT02228967,Standard Deviation
8640,NCT00766051,Standard Deviation
9731,NCT03961308,Standard Deviation
1498,NCT01494350,Standard Deviation
1599,NCT00116428,Standard Deviation
1241,NCT00558701,Standard Deviation
1084,NCT01720277,Standard Deviation
8591,NCT00490945,Standard Deviation
1084,NCT01720277,Standard Deviation
68,NCT01154296,Standard Deviation
68,NCT01154296,Standard Deviation
8663,NCT00939055,Standard Deviation
8835,NCT00624520,Standard Deviation
68,NCT01154296,Standard Deviation
1599,NCT00116428,Standard Deviation
8587,NCT01800318,Standard Deviation
8595,NCT02079766,Standard Deviation
1053,NCT02420041,Standard Deviation
1501,NCT01148563,Standard Deviation
1498,NCT01494350,Standard Deviation
1084,NCT01720277,Standard Deviation
1084,NCT01720277,Standard Deviation
1084,NCT01720277,Standard Deviation
8963,NCT00882557,Standard Deviation
1603,NCT02963935,Standard Deviation
1603,NCT02963935,Standard Deviation
8584,NCT01481779,Standard Deviation
1190,NCT01157897,Standard Deviation
1191,NCT01498640,Standard Deviation
9900,NCT03831451,Standard Deviation
1084,NCT01720277,Standard Deviation
1080,NCT01411839,Standard Deviation
1080,NCT01411839,Standard Deviation
9731,NCT03961308,Standard Deviation
8975,NCT01721044,Standard Deviation
1062,NCT01078246,Standard Deviation
112,NCT00796315,Standard Deviation
9731,NCT03961308,Standard Deviation
8642,NCT03502681,Standard Deviation
1200,NCT01234103,Standard Deviation
1200,NCT01234103,Standard Deviation
1199,NCT00444457,Standard Deviation
1530,NCT00844532,Standard Deviation
116,NCT00730964,Standard Deviation
74,NCT01087905,Standard Deviation
8648,NCT01468987,Standard Deviation
73,NCT00601835,Standard Deviation
8595,NCT02079766,Standard Deviation
1196,NCT00996164,Standard Deviation
1235,NCT00723008,Standard Deviation
9738,NCT03951610,Standard Deviation
1591,NCT02287688,Standard Deviation
1283,NCT02223338,Standard Deviation
1649,NCT02556112,Standard Deviation
1109,NCT01873417,Standard Deviation
1398,NCT00412087,Standard Deviation
1397,NCT00289315,Standard Deviation
1325,NCT00662012,Standard Deviation
1325,NCT00662012,Standard Deviation
1325,NCT00662012,Standard Deviation
8777,NCT02146326,Standard Deviation
8777,NCT02146326,Standard Deviation
17,NCT03973905,Standard Deviation
16,NCT00724867,Standard Deviation
8745,NCT01394003,Standard Deviation
1154,NCT04018001,Standard Deviation
8777,NCT02146326,Standard Deviation
8749,NCT01982435,Standard Deviation
1381,NCT01240902,Standard Deviation
1381,NCT01240902,Standard Deviation
1381,NCT01240902,Standard Deviation
1381,NCT01240902,Standard Deviation
8750,NCT01090011,Standard Deviation
8530,NCT00511901,Standard Deviation
8777,NCT02146326,Standard Deviation
8777,NCT02146326,Standard Deviation
8781,NCT03199079,Standard Deviation
8777,NCT02146326,Standard Deviation
8911,NCT00248612,Standard Deviation
8795,NCT00183339,Standard Deviation
8926,NCT02470754,Standard Deviation
8926,NCT02470754,Standard Deviation
1306,NCT03693937,Standard Deviation
8926,NCT02470754,Standard Deviation
8542,NCT00981253,Standard Deviation
8926,NCT02470754,Standard Deviation
1309,NCT00263887,Standard Deviation
8926,NCT02470754,Standard Deviation
8787,NCT01457339,Standard Deviation
1312,NCT00220805,Standard Deviation
1406,NCT02601469,Standard Deviation
1312,NCT00220805,Standard Deviation
1312,NCT00220805,Standard Deviation
1406,NCT02601469,Standard Deviation
1015,NCT00689260,Standard Deviation
1315,NCT01954251,Standard Deviation
8908,NCT00323635,Standard Deviation
9814,NCT03887429,Standard Deviation
1330,NCT00490841,Standard Deviation
8777,NCT02146326,Standard Deviation
1132,NCT00291551,Standard Deviation
8759,NCT00983892,Standard Deviation
1359,NCT02867059,Standard Deviation
1359,NCT02867059,Standard Deviation
1358,NCT01857973,Standard Deviation
1337,NCT01916629,Standard Deviation
1357,NCT02979613,Standard Deviation
1357,NCT02979613,Standard Deviation
1357,NCT02979613,Standard Deviation
1357,NCT02979613,Standard Deviation
5,NCT00312663,Standard Deviation
8774,NCT01127633,Standard Deviation
4,NCT00312702,Standard Deviation
1353,NCT00673465,Standard Deviation
1353,NCT00673465,Standard Deviation
9829,NCT03878745,Standard Deviation
8911,NCT00248612,Standard Deviation
9828,NCT03878758,Standard Deviation
1351,NCT00505414,Standard Deviation
1349,NCT01992172,Standard Deviation
1348,NCT00001723,Standard Deviation
1360,NCT00191282,Standard Deviation
1336,NCT01992185,Standard Deviation
8777,NCT02146326,Standard Deviation
8919,NCT00595231,Standard Deviation
8530,NCT00511901,Standard Deviation
8530,NCT00511901,Standard Deviation
8530,NCT00511901,Standard Deviation
1376,NCT00299741,Standard Deviation
8755,NCT00903695,Standard Deviation
1373,NCT00414011,Standard Deviation
8530,NCT00511901,Standard Deviation
8755,NCT00903695,Standard Deviation
1698,NCT02742532,Standard Deviation
8755,NCT00903695,Standard Deviation
8755,NCT00903695,Standard Deviation
8911,NCT00248612,Standard Deviation
8755,NCT00903695,Standard Deviation
8755,NCT00903695,Standard Deviation
8920,NCT02165735,Standard Deviation
8777,NCT02146326,Standard Deviation
8755,NCT00903695,Standard Deviation
8756,NCT02487485,Standard Deviation
9650,NCT04020822,Standard Deviation
1422,NCT01092910,Standard Deviation
1405,NCT02496221,Standard Deviation
1132,NCT00291551,Standard Deviation
8551,NCT01711359,Standard Deviation
1006,NCT02876575,Standard Deviation
8803,NCT01921179,Standard Deviation
1121,NCT01419769,Standard Deviation
8893,NCT01664624,Standard Deviation
8893,NCT01664624,Standard Deviation
8893,NCT01664624,Standard Deviation
8893,NCT01664624,Standard Deviation
8551,NCT01711359,Standard Deviation
1121,NCT01419769,Standard Deviation
8893,NCT01664624,Standard Deviation
8803,NCT01921179,Standard Deviation
8803,NCT01921179,Standard Deviation
8550,NCT01839396,Standard Deviation
8549,NCT01721057,Standard Deviation
8549,NCT01721057,Standard Deviation
8549,NCT01721057,Standard Deviation
8549,NCT01721057,Standard Deviation
1668,NCT01913353,Standard Deviation
1423,NCT01422889,Standard Deviation
1669,NCT04047121,Standard Deviation
1669,NCT04047121,Standard Deviation
8549,NCT01721057,Standard Deviation
8930,NCT02497937,Standard Deviation
8706,NCT00482274,Standard Deviation
41,NCT02395536,Standard Deviation
8803,NCT01921179,Standard Deviation
1440,NCT02204176,Standard Deviation
9877,NCT03848403,Standard Deviation
1121,NCT01419769,Standard Deviation
8942,NCT01566461,Standard Deviation
8941,NCT01511107,Standard Deviation
1013,NCT01241513,Standard Deviation
8940,NCT01878175,Standard Deviation
8700,NCT01454284,Standard Deviation
8805,NCT01214655,Standard Deviation
1179,NCT01769456,Standard Deviation
1179,NCT01769456,Standard Deviation
1179,NCT01769456,Standard Deviation
1178,NCT01772823,Standard Deviation
1655,NCT01205776,Standard Deviation
1444,NCT00809445,Standard Deviation
8552,NCT01710358,Standard Deviation
1009,NCT00243243,Standard Deviation
8936,NCT01197911,Standard Deviation
8702,NCT00938964,Standard Deviation
8551,NCT01711359,Standard Deviation
1440,NCT02204176,Standard Deviation
1440,NCT02204176,Standard Deviation
8551,NCT01711359,Standard Deviation
1440,NCT02204176,Standard Deviation
46,NCT00875641,Standard Deviation
1440,NCT02204176,Standard Deviation
1440,NCT02204176,Standard Deviation
1287,NCT00220779,Standard Deviation
41,NCT02395536,Standard Deviation
1669,NCT04047121,Standard Deviation
1570,NCT00485134,Standard Deviation
1427,NCT00584805,Standard Deviation
1129,NCT03243305,Standard Deviation
1433,NCT01264952,Standard Deviation
1294,NCT00220740,Standard Deviation
8926,NCT02470754,Standard Deviation
154,NCT01112917,Standard Deviation
1294,NCT00220740,Standard Deviation
8802,NCT01647438,Standard Deviation
1297,NCT04067401,Standard Deviation
1129,NCT03243305,Standard Deviation
8797,NCT03158038,Standard Deviation
8926,NCT02470754,Standard Deviation
9869,NCT03851016,Standard Deviation
8926,NCT02470754,Standard Deviation
9869,NCT03851016,Standard Deviation
8928,NCT00555425,Standard Deviation
6209,NCT00851799,Inter-Quartile Range
8027,NCT01515072,Inter-Quartile Range
7325,NCT01838863,Inter-Quartile Range
8682,NCT02352103,Inter-Quartile Range
1418,NCT01322633,Inter-Quartile Range
7927,NCT00134056,Inter-Quartile Range
8682,NCT02352103,Inter-Quartile Range
7956,NCT01099449,Inter-Quartile Range
3679,NCT00084136,Inter-Quartile Range
4405,NCT00734539,Inter-Quartile Range
3371,NCT01320150,Inter-Quartile Range
8682,NCT02352103,Inter-Quartile Range
4405,NCT00734539,Inter-Quartile Range
8682,NCT02352103,Inter-Quartile Range
6209,NCT00851799,Inter-Quartile Range
8027,NCT01515072,Inter-Quartile Range
7393,NCT00737893,Inter-Quartile Range
8027,NCT01515072,Inter-Quartile Range
8027,NCT01515072,Inter-Quartile Range
8027,NCT01515072,Inter-Quartile Range
8027,NCT01515072,Inter-Quartile Range
7325,NCT01838863,Inter-Quartile Range
6209,NCT00851799,Inter-Quartile Range
8027,NCT01515072,Inter-Quartile Range
8027,NCT01515072,Inter-Quartile Range
8682,NCT02352103,Inter-Quartile Range
3415,NCT01440634,Inter-Quartile Range
2837,NCT02222246,Inter-Quartile Range
7325,NCT01838863,Inter-Quartile Range
7325,NCT01838863,Inter-Quartile Range
6661,NCT00107991,Inter-Quartile Range
8144,NCT02140775,Inter-Quartile Range
7325,NCT01838863,Inter-Quartile Range
7325,NCT01838863,Inter-Quartile Range
7147,NCT01038557,Inter-Quartile Range
4253,NCT00576693,Inter-Quartile Range
2223,NCT02179788,Inter-Quartile Range
3277,NCT02263326,Inter-Quartile Range
6661,NCT00107991,Inter-Quartile Range
4199,NCT02137512,Inter-Quartile Range
6661,NCT00107991,Inter-Quartile Range
7325,NCT01838863,Inter-Quartile Range
7325,NCT01838863,Inter-Quartile Range
7325,NCT01838863,Inter-Quartile Range
3276,NCT02118012,Inter-Quartile Range
2211,NCT02934191,Inter-Quartile Range
7245,NCT02773446,Inter-Quartile Range
4199,NCT02137512,Inter-Quartile Range
7147,NCT01038557,Inter-Quartile Range
6775,NCT03040687,Inter-Quartile Range
3277,NCT02263326,Inter-Quartile Range
7325,NCT01838863,Inter-Quartile Range
7325,NCT01838863,Inter-Quartile Range
7325,NCT01838863,Inter-Quartile Range
7325,NCT01838863,Inter-Quartile Range
7325,NCT01838863,Inter-Quartile Range
4432,NCT02445963,Inter-Quartile Range
6783,NCT01611935,Inter-Quartile Range
3277,NCT02263326,Inter-Quartile Range
7325,NCT01838863,Inter-Quartile Range
4405,NCT00734539,Inter-Quartile Range
8734,NCT02958969,Inter-Quartile Range
6661,NCT00107991,Inter-Quartile Range
6661,NCT00107991,Inter-Quartile Range
4199,NCT02137512,Inter-Quartile Range
4199,NCT02137512,Inter-Quartile Range
4199,NCT02137512,Inter-Quartile Range
7325,NCT01838863,Inter-Quartile Range
7822,NCT00094302,Inter-Quartile Range
3789,NCT01591681,Inter-Quartile Range
7526,NCT01299116,Inter-Quartile Range
3811,NCT01823341,Inter-Quartile Range
3811,NCT01823341,Inter-Quartile Range
3811,NCT01823341,Inter-Quartile Range
1774,NCT01329939,Inter-Quartile Range
2064,NCT02056340,Inter-Quartile Range
1774,NCT01329939,Inter-Quartile Range
1774,NCT01329939,Inter-Quartile Range
2064,NCT02056340,Inter-Quartile Range
4062,NCT02230332,Inter-Quartile Range
6504,NCT00840658,Inter-Quartile Range
3811,NCT01823341,Inter-Quartile Range
3811,NCT01823341,Inter-Quartile Range
3764,NCT01727895,Inter-Quartile Range
3764,NCT01727895,Inter-Quartile Range
1899,NCT03118297,Inter-Quartile Range
1899,NCT03118297,Inter-Quartile Range
4035,NCT00555217,Inter-Quartile Range
1902,NCT02579057,Inter-Quartile Range
3811,NCT01823341,Inter-Quartile Range
7444,NCT02045511,Inter-Quartile Range
4035,NCT00555217,Inter-Quartile Range
7444,NCT02045511,Inter-Quartile Range
7546,NCT02268877,Inter-Quartile Range
7444,NCT02045511,Inter-Quartile Range
6407,NCT00108862,Inter-Quartile Range
3146,NCT02039375,Inter-Quartile Range
6407,NCT00108862,Inter-Quartile Range
7559,NCT01605903,Inter-Quartile Range
8551,NCT01711359,Inter-Quartile Range
7444,NCT02045511,Inter-Quartile Range
7444,NCT02045511,Inter-Quartile Range
8454,NCT01001429,Inter-Quartile Range
7444,NCT02045511,Inter-Quartile Range
3027,NCT00682617,Inter-Quartile Range
3027,NCT00682617,Inter-Quartile Range
2051,NCT00142792,Inter-Quartile Range
2051,NCT00142792,Inter-Quartile Range
3027,NCT00682617,Inter-Quartile Range
7444,NCT02045511,Inter-Quartile Range
7444,NCT02045511,Inter-Quartile Range
1908,NCT00118898,Inter-Quartile Range
1774,NCT01329939,Inter-Quartile Range
3136,NCT02922985,Inter-Quartile Range
3789,NCT01591681,Inter-Quartile Range
3927,NCT03354663,Inter-Quartile Range
1709,NCT01632995,Inter-Quartile Range
1726,NCT01198587,Inter-Quartile Range
3789,NCT01591681,Inter-Quartile Range
3789,NCT01591681,Inter-Quartile Range
3789,NCT01591681,Inter-Quartile Range
8494,NCT01264718,Inter-Quartile Range
3789,NCT01591681,Inter-Quartile Range
8494,NCT01264718,Inter-Quartile Range
3789,NCT01591681,Inter-Quartile Range
3209,NCT01719367,Inter-Quartile Range
3927,NCT03354663,Inter-Quartile Range
3927,NCT03354663,Inter-Quartile Range
8530,NCT00511901,Inter-Quartile Range
3789,NCT01591681,Inter-Quartile Range
1693,NCT01782898,Inter-Quartile Range
7058,NCT01227005,Inter-Quartile Range
5110,NCT01280968,Full Range
7991,NCT00872989,Full Range
7992,NCT00369785,Full Range
7993,NCT00121186,Full Range
1857,NCT01268189,Full Range
1857,NCT01268189,Full Range
6105,NCT01447407,Full Range
6089,NCT01648166,Full Range
3151,NCT02319174,Full Range
1659,NCT01966718,Full Range
5198,NCT01575860,Full Range
8387,NCT00504023,Full Range
5495,NCT00156390,Full Range
5110,NCT01280968,Full Range
3358,NCT02460991,Full Range
7996,NCT01058395,Full Range
6725,NCT00402896,Full Range
5110,NCT01280968,Full Range
7964,NCT00040937,Full Range
4455,NCT00415051,Full Range
2439,NCT02517996,Full Range
2439,NCT02517996,Full Range
7979,NCT00217620,Full Range
7980,NCT00775645,Full Range
4929,NCT00422799,Full Range
6724,NCT00410189,Full Range
7970,NCT01385137,Full Range
7981,NCT00124579,Full Range
8691,NCT00118157,Full Range
7983,NCT00113399,Full Range
4298,NCT00098748,Full Range
8897,NCT01797159,Full Range
8690,NCT00410904,Full Range
7982,NCT00096031,Full Range
136,NCT01568424,Full Range
5496,NCT01528878,Full Range
2370,NCT00271011,Full Range
4566,NCT02379221,Full Range
7743,NCT02127281,Full Range
2375,NCT01652573,Full Range
4042,NCT02924051,Full Range
1649,NCT02556112,Full Range
4257,NCT01578967,Full Range
1637,NCT03334175,Full Range
7743,NCT02127281,Full Range
4040,NCT02005445,Full Range
6233,NCT01092416,Full Range
1912,NCT02052544,Full Range
8554,NCT00268242,Full Range
2962,NCT00463060,Full Range
5370,NCT02201212,Full Range
136,NCT01568424,Full Range
136,NCT01568424,Full Range
136,NCT01568424,Full Range
136,NCT01568424,Full Range
7596,NCT01661283,Full Range
5800,NCT00694551,Full Range
6067,NCT02025179,Full Range
3137,NCT01951092,Full Range
6081,NCT01763931,Full Range
5496,NCT01528878,Full Range
5496,NCT01528878,Full Range
136,NCT01568424,Full Range
6240,NCT02421666,Full Range
5496,NCT01528878,Full Range
6594,NCT01326481,Full Range
2393,NCT02219321,Full Range
6374,NCT02394600,Full Range
1447,NCT00764322,Full Range
5496,NCT01528878,Full Range
1447,NCT00764322,Full Range
5496,NCT01528878,Full Range
7227,NCT00860951,Full Range
5156,NCT01324102,Full Range
6600,NCT02383472,Full Range
3173,NCT00995488,Full Range
5496,NCT01528878,Full Range
5370,NCT02201212,Full Range
7952,NCT00124618,Full Range
1673,NCT01381016,Full Range
6186,NCT00921557,Full Range
1693,NCT01782898,Full Range
1693,NCT01782898,Full Range
7296,NCT03767894,Full Range
1693,NCT01782898,Full Range
7292,NCT01529034,Full Range
7292,NCT01529034,Full Range
7292,NCT01529034,Full Range
7292,NCT01529034,Full Range
7292,NCT01529034,Full Range
5620,NCT01291277,Full Range
5709,NCT00326495,Full Range
3445,NCT01764685,Full Range
6171,NCT00410059,Full Range
6170,NCT00411632,Full Range
6661,NCT00107991,Full Range
6661,NCT00107991,Full Range
2558,NCT01871545,Full Range
2558,NCT01871545,Full Range
2558,NCT01871545,Full Range
5614,NCT01591733,Full Range
5614,NCT01591733,Full Range
6160,NCT00591864,Full Range
6186,NCT00921557,Full Range
6186,NCT00921557,Full Range
6186,NCT00921557,Full Range
8527,NCT00723203,Full Range
6639,NCT01535326,Full Range
2635,NCT00924898,Full Range
2635,NCT00924898,Full Range
2635,NCT00924898,Full Range
8765,NCT00280748,Full Range
6966,NCT01119001,Full Range
2630,NCT03286283,Full Range
8515,NCT01352286,Full Range
6647,NCT01032044,Full Range
6196,NCT01076504,Full Range
7812,NCT01102972,Full Range
3428,NCT01852955,Full Range
5683,NCT00923936,Full Range
7475,NCT01304407,Full Range
6456,NCT02461771,Full Range
7812,NCT01102972,Full Range
8759,NCT00983892,Full Range
6461,NCT00856999,Full Range
7853,NCT02006719,Full Range
8492,NCT01245673,Full Range
3948,NCT01058421,Full Range
1698,NCT02742532,Full Range
22,NCT00928694,Full Range
22,NCT00928694,Full Range
22,NCT00928694,Full Range
3320,NCT00585689,Full Range
4322,NCT01285960,Full Range
8437,NCT00679289,Full Range
7926,NCT00265850,Full Range
7927,NCT00134056,Full Range
8437,NCT00679289,Full Range
7928,NCT02331368,Full Range
7929,NCT00075946,Full Range
7930,NCT00008385,Full Range
5735,NCT01987830,Full Range
1421,NCT02394457,Full Range
2702,NCT01217840,Full Range
3373,NCT03221192,Full Range
2484,NCT01985763,Full Range
5090,NCT00313144,Full Range
2702,NCT01217840,Full Range
2702,NCT01217840,Full Range
3014,NCT00991185,Full Range
3495,NCT02122445,Full Range
7941,NCT00110084,Full Range
7944,NCT00365105,Full Range
7947,NCT01091454,Full Range
5101,NCT00574587,Full Range
2694,NCT01386528,Full Range
4412,NCT02546388,Full Range
1680,NCT00973674,Full Range
1403,NCT00006604,Full Range
3455,NCT01284127,Full Range
3455,NCT01284127,Full Range
5712,NCT03249779,Full Range
8733,NCT00831766,Full Range
5056,NCT00568854,Full Range
5056,NCT00568854,Full Range
1403,NCT00006604,Full Range
2531,NCT01222585,Full Range
2531,NCT01222585,Full Range
2531,NCT01222585,Full Range
1316,NCT02207608,Full Range
5733,NCT02602223,Full Range
