,NCTId,DesignTimePerspective
3181,NCT02266251,Retrospective
5126,NCT01367977,Retrospective
5845,NCT01480219,Retrospective
5108,NCT02744846,Retrospective
5111,NCT02833259,Retrospective
6746,NCT01449825,Retrospective
2098,NCT01517945,Retrospective
3938,NCT02389855,Retrospective
2114,NCT00218179,Retrospective
5123,NCT01377805,Retrospective
2147,NCT00384241,Retrospective
3987,NCT01651247,Retrospective
5815,NCT04378101,Retrospective
5138,NCT04287361,Retrospective
3888,NCT01156090,Retrospective
2172,NCT04337138,Retrospective
9577,NCT04076813,Retrospective
5803,NCT00341952,Retrospective
5798,NCT01365975,Retrospective
5158,NCT00341094,Retrospective
2044,NCT00563901,Retrospective
9509,NCT04125290,Retrospective
5791,NCT02769078,Retrospective
1919,NCT00549991,Retrospective
8395,NCT03921242,Retrospective
5008,NCT01435941,Retrospective
1854,NCT02608853,Retrospective
4095,NCT01560026,Retrospective
6618,NCT02036931,Retrospective
1879,NCT01830712,Retrospective
4059,NCT01587638,Retrospective
6649,NCT01265381,Retrospective
1921,NCT00368732,Retrospective
2029,NCT04498481,Retrospective
1928,NCT00071175,Retrospective
5045,NCT04163627,Retrospective
4038,NCT00402922,Retrospective
1948,NCT00377702,Retrospective
9469,NCT04171544,Retrospective
1979,NCT04571697,Retrospective
4012,NCT01390909,Retrospective
8274,NCT02074254,Retrospective
5161,NCT03201406,Retrospective
3850,NCT04394234,Retrospective
1824,NCT00797095,Retrospective
2729,NCT03850717,Retrospective
5671,NCT00275587,Retrospective
3541,NCT00252109,Retrospective
9783,NCT03914573,Retrospective
2654,NCT02281747,Retrospective
9790,NCT03910114,Retrospective
5656,NCT02795806,Retrospective
5652,NCT04603521,Retrospective
2720,NCT01916538,Retrospective
5639,NCT03326401,Retrospective
2589,NCT01770717,Retrospective
3467,NCT02775565,Retrospective
5367,NCT00341627,Retrospective
3444,NCT03027440,Retrospective
5617,NCT00339300,Retrospective
5616,NCT01602913,Retrospective
2801,NCT00530426,Retrospective
9859,NCT03863327,Retrospective
3432,NCT02997293,Retrospective
2600,NCT00608283,Retrospective
5299,NCT03475420,Retrospective
3836,NCT00522119,Retrospective
5228,NCT02729103,Retrospective
6831,NCT03889028,Retrospective
5181,NCT02476721,Retrospective
3827,NCT01629095,Retrospective
5195,NCT01387178,Retrospective
6890,NCT03200886,Retrospective
6891,NCT04523259,Retrospective
3752,NCT00517166,Retrospective
2360,NCT00106951,Retrospective
5732,NCT04394247,Retrospective
2526,NCT04397900,Retrospective
2416,NCT01957085,Retrospective
5244,NCT01156701,Retrospective
3694,NCT04285489,Retrospective
2494,NCT03707626,Retrospective
3654,NCT00491842,Retrospective
5274,NCT00339534,Retrospective
2505,NCT01165411,Retrospective
5280,NCT00339742,Retrospective
6596,NCT01381406,Retrospective
6587,NCT01446224,Retrospective
5401,NCT03327883,Retrospective
4753,NCT02419885,Retrospective
1120,NCT04460911,Retrospective
1123,NCT03964649,Retrospective
1126,NCT04141228,Retrospective
1131,NCT01623544,Retrospective
6199,NCT03693924,Retrospective
4619,NCT03747783,Retrospective
1154,NCT04018001,Retrospective
1157,NCT03599739,Retrospective
4754,NCT01435954,Retrospective
1111,NCT02917057,Retrospective
4596,NCT04163224,Retrospective
6219,NCT02797769,Retrospective
4766,NCT02972138,Retrospective
1192,NCT01713881,Retrospective
6232,NCT01303367,Retrospective
6235,NCT02815852,Retrospective
1229,NCT01287351,Retrospective
1242,NCT04396626,Retrospective
1118,NCT04394104,Retrospective
1108,NCT03109002,Retrospective
1256,NCT00134849,Retrospective
9060,NCT04541030,Retrospective
4684,NCT04580017,Retrospective
1035,NCT00936845,Retrospective
4671,NCT01077596,Retrospective
4670,NCT01332500,Retrospective
9056,NCT04545047,Retrospective
1007,NCT03463577,Retrospective
1003,NCT03363464,Retrospective
1062,NCT01078246,Retrospective
1066,NCT03975790,Retrospective
1107,NCT01260324,Retrospective
1070,NCT02813356,Retrospective
4658,NCT03437837,Retrospective
4654,NCT04516824,Retrospective
1082,NCT01335412,Retrospective
6176,NCT00340158,Retrospective
1097,NCT03566264,Retrospective
4724,NCT03595410,Retrospective
1098,NCT02974244,Retrospective
4788,NCT04334824,Retrospective
4526,NCT01431924,Retrospective
4136,NCT03400514,Retrospective
6509,NCT01935102,Retrospective
1611,NCT02555527,Retrospective
1617,NCT01847560,Retrospective
4258,NCT00339651,Retrospective
1636,NCT01273220,Retrospective
1638,NCT03338803,Retrospective
1639,NCT00632346,Retrospective
6499,NCT01301638,Retrospective
5973,NCT01871051,Retrospective
4227,NCT04132557,Retrospective
9290,NCT04321356,Retrospective
1669,NCT04047121,Retrospective
6538,NCT03889392,Retrospective
5948,NCT00161252,Retrospective
6552,NCT00341861,Retrospective
4963,NCT02071745,Retrospective
1753,NCT01111201,Retrospective
4967,NCT00793390,Retrospective
6560,NCT00340977,Retrospective
1588,NCT00342771,Retrospective
6470,NCT00904579,Retrospective
1270,NCT01890850,Retrospective
1442,NCT01613001,Retrospective
9169,NCT04437680,Retrospective
4810,NCT04499495,Retrospective
1306,NCT03693937,Retrospective
4472,NCT04211077,Retrospective
9209,NCT04389957,Retrospective
4399,NCT04293536,Retrospective
4397,NCT04569344,Retrospective
4396,NCT00662571,Retrospective
1462,NCT01917643,Retrospective
4285,NCT03984227,Retrospective
1470,NCT01921127,Retrospective
1477,NCT02195505,Retrospective
1502,NCT00763724,Retrospective
6426,NCT04306705,Retrospective
6433,NCT03400436,Retrospective
6441,NCT02897414,Retrospective
1547,NCT02542046,Retrospective
1558,NCT00733512,Retrospective
5393,NCT03438682,Retrospective
8192,NCT00826605,Retrospective
7386,NCT02553148,Retrospective
2953,NCT00074685,Retrospective
48,NCT04587245,Retrospective
5561,NCT03579108,Retrospective
3204,NCT03911284,Retrospective
5463,NCT04561050,Retrospective
30,NCT00341588,Retrospective
2925,NCT04465019,Retrospective
3052,NCT00879840,Retrospective
35,NCT03242278,Retrospective
17,NCT03973905,Retrospective
18,NCT00340457,Retrospective
2916,NCT02302950,Retrospective
20,NCT02889263,Retrospective
5474,NCT04564599,Retrospective
2923,NCT01407146,Retrospective
53,NCT03197688,Retrospective
7421,NCT01444612,Retrospective
5521,NCT03175536,Retrospective
2951,NCT00342875,Retrospective
3379,NCT03523780,Retrospective
87,NCT04460898,Retrospective
2944,NCT03007134,Retrospective
3324,NCT00469339,Retrospective
7237,NCT01434173,Retrospective
5438,NCT02226874,Retrospective
5557,NCT01462552,Retrospective
47,NCT03199846,Retrospective
69,NCT02857764,Retrospective
61,NCT03192891,Retrospective
7,NCT02019732,Retrospective
7220,NCT00270725,Retrospective
3244,NCT02713321,Retrospective
40,NCT02959827,Retrospective
141,NCT01339546,Retrospective
101,NCT04552535,Retrospective
104,NCT03390660,Retrospective
3,NCT01599390,Retrospective
7338,NCT03026556,Retrospective
6,NCT01153880,Retrospective
103,NCT01235260,Retrospective
3056,NCT02351518,Prospective
6519,NCT03820921,Prospective
7271,NCT02465307,Prospective
4226,NCT00475202,Prospective
4216,NCT02282748,Prospective
1633,NCT02964481,Prospective
4251,NCT04180423,Prospective
1630,NCT04407195,Prospective
8523,NCT03731598,Prospective
4209,NCT03356340,Prospective
4256,NCT00391664,Prospective
3073,NCT03864367,Prospective
1691,NCT02568202,Prospective
1622,NCT04337762,Prospective
7279,NCT00658190,Prospective
6515,NCT03198819,Prospective
8531,NCT00284453,Prospective
4248,NCT03957577,Prospective
4224,NCT02880644,Prospective
3048,NCT00986648,Prospective
4223,NCT01611233,Prospective
6512,NCT03726463,Prospective
3046,NCT00453700,Prospective
4230,NCT01654926,Prospective
1658,NCT02550886,Prospective
1670,NCT03789721,Prospective
3051,NCT00811278,Prospective
4237,NCT02100904,Prospective
4222,NCT01074151,Prospective
1652,NCT01574677,Prospective
4220,NCT02245178,Prospective
1675,NCT02005198,Prospective
4246,NCT03251794,Prospective
7594,NCT03936738,Prospective
6477,NCT02232711,Prospective
1615,NCT01582802,Prospective
4264,NCT01480999,Prospective
3245,NCT03688412,Prospective
4301,NCT00312169,Prospective
4305,NCT02304263,Prospective
1551,NCT03249675,Prospective
4307,NCT04145141,Prospective
1548,NCT03903588,Prospective
7411,NCT04387019,Prospective
1546,NCT01108848,Prospective
1545,NCT03264898,Prospective
6450,NCT02814825,Prospective
1540,NCT00633516,Prospective
1538,NCT01294124,Prospective
6444,NCT01098279,Prospective
4318,NCT00914784,Prospective
8639,NCT02111525,Prospective
6439,NCT02601820,Prospective
8646,NCT00870324,Prospective
4330,NCT01182467,Prospective
4334,NCT01624623,Prospective
4335,NCT01589939,Prospective
6427,NCT03756545,Prospective
6458,NCT01098292,Prospective
4290,NCT04180930,Prospective
6466,NCT01850940,Prospective
1590,NCT04419883,Prospective
1613,NCT00785304,Prospective
6485,NCT03645551,Prospective
3252,NCT01070082,Prospective
4267,NCT03572595,Prospective
1607,NCT02195544,Prospective
1606,NCT02060513,Prospective
8589,NCT01698983,Prospective
4276,NCT04398901,Prospective
1592,NCT02873013,Prospective
4281,NCT04278183,Prospective
7418,NCT01123798,Prospective
8599,NCT01503307,Prospective
1583,NCT01524146,Prospective
8600,NCT00873366,Prospective
3251,NCT03213184,Prospective
4283,NCT00726661,Prospective
1579,NCT02296164,Prospective
3250,NCT00540540,Prospective
1576,NCT01207167,Prospective
8604,NCT00176722,Prospective
1694,NCT00342927,Prospective
3045,NCT00799097,Prospective
1695,NCT00833963,Prospective
1836,NCT00415415,Prospective
1851,NCT00416364,Prospective
3290,NCT00855296,Prospective
8396,NCT02693327,Prospective
6605,NCT00795678,Prospective
8399,NCT01838356,Prospective
4109,NCT04131296,Prospective
1844,NCT03775954,Prospective
8401,NCT00599794,Prospective
1842,NCT00296088,Prospective
6603,NCT01171638,Prospective
8406,NCT04372823,Prospective
3020,NCT02084836,Prospective
1832,NCT01150279,Prospective
6598,NCT03992183,Prospective
3289,NCT00855374,Prospective
1828,NCT00852904,Prospective
1825,NCT00097461,Prospective
3287,NCT00291044,Prospective
8414,NCT01162369,Prospective
8426,NCT00462683,Prospective
7459,NCT00007722,Prospective
4137,NCT03378219,Prospective
1853,NCT00620334,Prospective
6609,NCT04045938,Prospective
8518,NCT03602456,Prospective
8359,NCT00271921,Prospective
1915,NCT01050959,Prospective
7249,NCT01232881,Prospective
1912,NCT02052544,Prospective
6643,NCT00342992,Prospective
6641,NCT02382822,Prospective
8351,NCT01306201,Prospective
4069,NCT01598597,Prospective
6638,NCT00151359,Prospective
6636,NCT01286142,Prospective
6633,NCT01630980,Prospective
4081,NCT00527345,Prospective
4103,NCT01353677,Prospective
8366,NCT04548596,Prospective
4086,NCT04604418,Prospective
3296,NCT04587258,Prospective
8372,NCT01431027,Prospective
1877,NCT02682667,Prospective
1875,NCT00142636,Prospective
7251,NCT00885131,Prospective
4093,NCT02113475,Prospective
7466,NCT00657787,Prospective
8383,NCT01081080,Prospective
1800,NCT01436240,Prospective
4140,NCT02354482,Prospective
6579,NCT02043158,Prospective
1730,NCT01511393,Prospective
8473,NCT00642590,Prospective
8474,NCT01804452,Prospective
8476,NCT00973518,Prospective
4173,NCT03372746,Prospective
6549,NCT02524613,Prospective
4176,NCT02486783,Prospective
8485,NCT03933345,Prospective
3044,NCT00391352,Prospective
8487,NCT00590148,Prospective
4182,NCT03137264,Prospective
4188,NCT04423458,Prospective
6578,NCT02917798,Prospective
1504,NCT04369729,Prospective
4191,NCT03765593,Prospective
6535,NCT00337688,Prospective
1714,NCT01846312,Prospective
8505,NCT00846534,Prospective
4197,NCT02720653,Prospective
1708,NCT04417673,Prospective
8513,NCT03849716,Prospective
1701,NCT01950572,Prospective
4203,NCT04047147,Prospective
7447,NCT01434771,Prospective
3280,NCT02354716,Prospective
7254,NCT00466934,Prospective
8471,NCT01258244,Prospective
8438,NCT02527980,Prospective
8440,NCT04247555,Prospective
6573,NCT03259386,Prospective
8446,NCT04357964,Prospective
6568,NCT03738774,Prospective
6567,NCT01534819,Prospective
1782,NCT02047084,Prospective
1781,NCT01846858,Prospective
1779,NCT03377569,Prospective
3029,NCT00913757,Prospective
8461,NCT00566670,Prospective
1767,NCT01900834,Prospective
1766,NCT01228058,Prospective
1763,NCT01576601,Prospective
8464,NCT00581295,Prospective
1761,NCT02639832,Prospective
4165,NCT01928953,Prospective
6555,NCT02378090,Prospective
8468,NCT02415751,Prospective
3286,NCT01054924,Prospective
6554,NCT00710957,Prospective
3091,NCT00000783,Prospective
4354,NCT01588938,Prospective
1503,NCT00640692,Prospective
1149,NCT04342806,Prospective
1163,NCT04582266,Prospective
1162,NCT02380274,Prospective
3123,NCT03351140,Prospective
3128,NCT00425880,Prospective
4604,NCT00908830,Prospective
1159,NCT02874222,Prospective
1158,NCT00639418,Prospective
3220,NCT02121132,Prospective
6209,NCT00851799,Prospective
4611,NCT03183401,Prospective
4613,NCT01409681,Prospective
1168,NCT02032459,Prospective
8952,NCT04157270,Prospective
1140,NCT02640677,Prospective
3219,NCT01673750,Prospective
3217,NCT02148068,Prospective
8961,NCT03718104,Prospective
1134,NCT04560933,Prospective
4623,NCT04427995,Prospective
8964,NCT03233594,Prospective
3133,NCT00180466,Prospective
4624,NCT01889225,Prospective
1165,NCT03845400,Prospective
6215,NCT03787485,Prospective
4534,NCT00656955,Prospective
3116,NCT04014348,Prospective
4541,NCT02366234,Prospective
3114,NCT01722903,Prospective
6262,NCT01769612,Prospective
1239,NCT01034813,Prospective
4548,NCT03403257,Prospective
1231,NCT03615599,Prospective
1230,NCT02818413,Prospective
4558,NCT02555904,Prospective
4562,NCT04451070,Prospective
1210,NCT00410475,Prospective
7388,NCT01554891,Prospective
6216,NCT01463254,Prospective
6229,NCT04562012,Prospective
1194,NCT02273882,Prospective
4585,NCT00596908,Prospective
1189,NCT03532230,Prospective
1183,NCT01375036,Prospective
7302,NCT02194582,Prospective
1180,NCT00803387,Prospective
1177,NCT03180853,Prospective
3225,NCT00476580,Prospective
1173,NCT04542915,Prospective
4625,NCT02476630,Prospective
4626,NCT03709888,Prospective
3211,NCT03615950,Prospective
4673,NCT01107379,Prospective
6164,NCT00582569,Prospective
3193,NCT00582270,Prospective
9012,NCT04580667,Prospective
3192,NCT04191551,Prospective
3168,NCT01860092,Prospective
9016,NCT04577976,Prospective
1056,NCT00904878,Prospective
1055,NCT03056534,Prospective
7331,NCT04565366,Prospective
6159,NCT00636090,Prospective
9021,NCT04575090,Prospective
1125,NCT02455024,Prospective
1048,NCT03369730,Prospective
4674,NCT03683589,Prospective
6157,NCT00647790,Prospective
6156,NCT00653783,Prospective
1041,NCT00124319,Prospective
9028,NCT04567719,Prospective
4681,NCT04401631,Prospective
9033,NCT04565119,Prospective
3179,NCT01162356,Prospective
4688,NCT01867905,Prospective
3195,NCT01445158,Prospective
1068,NCT04075578,Prospective
4663,NCT04349020,Prospective
7318,NCT04233944,Prospective
8969,NCT03370614,Prospective
3142,NCT04131504,Prospective
3143,NCT00634764,Prospective
1113,NCT02274389,Prospective
7367,NCT01623492,Prospective
8977,NCT04609085,Prospective
7366,NCT04602806,Prospective
8982,NCT04605965,Prospective
7315,NCT03144427,Prospective
4643,NCT03494283,Prospective
1094,NCT01517841,Prospective
8990,NCT04598035,Prospective
3206,NCT00317564,Prospective
1087,NCT03527654,Prospective
6175,NCT00386620,Prospective
4650,NCT01547013,Prospective
7361,NCT03962712,Prospective
6172,NCT00409968,Prospective
7360,NCT01132937,Prospective
4661,NCT04579120,Prospective
1071,NCT00378430,Prospective
1246,NCT02403934,Prospective
1254,NCT01605669,Prospective
7407,NCT02439736,Prospective
1423,NCT01422889,Prospective
7403,NCT03379220,Prospective
1441,NCT02921048,Prospective
6386,NCT03205865,Prospective
1438,NCT02357381,Prospective
1437,NCT03875651,Prospective
4391,NCT03714711,Prospective
1434,NCT01792791,Prospective
8715,NCT04154618,Prospective
3239,NCT03037021,Prospective
3099,NCT03992729,Prospective
4402,NCT03579329,Prospective
1451,NCT01002885,Prospective
6379,NCT00587392,Prospective
1418,NCT01322633,Prospective
6375,NCT02752672,Prospective
4408,NCT04334707,Prospective
8732,NCT00896701,Prospective
3237,NCT00824941,Prospective
1412,NCT02280733,Prospective
1411,NCT02406534,Prospective
6369,NCT00028145,Prospective
1402,NCT03620786,Prospective
6390,NCT02490579,Prospective
1452,NCT00997503,Prospective
8870,NCT02318186,Prospective
3241,NCT02417714,Prospective
6423,NCT03662776,Prospective
6422,NCT03872895,Prospective
6421,NCT04408105,Prospective
4346,NCT02925156,Prospective
6419,NCT02968355,Prospective
6418,NCT00756652,Prospective
4352,NCT04561804,Prospective
3009,NCT03318237,Prospective
6414,NCT01418014,Prospective
1478,NCT02040025,Prospective
4366,NCT00760162,Prospective
6394,NCT00912132,Prospective
1471,NCT01088503,Prospective
7405,NCT01194024,Prospective
4370,NCT00984451,Prospective
4374,NCT02441998,Prospective
6399,NCT01658618,Prospective
1463,NCT00775398,Prospective
3096,NCT04097834,Prospective
4380,NCT02178982,Prospective
4381,NCT01013636,Prospective
1454,NCT03269331,Prospective
8741,NCT02395341,Prospective
1394,NCT01675440,Prospective
6358,NCT02927288,Prospective
4518,NCT03303859,Prospective
4499,NCT02398942,Prospective
4500,NCT00418899,Prospective
4501,NCT00097292,Prospective
4502,NCT03452514,Prospective
7397,NCT03567421,Prospective
4503,NCT04579601,Prospective
8840,NCT00960765,Prospective
1288,NCT03043300,Prospective
4509,NCT03955874,Prospective
4517,NCT02817854,Prospective
6281,NCT00337181,Prospective
1385,NCT02989103,Prospective
8855,NCT00769951,Prospective
7295,NCT03905668,Prospective
3233,NCT01005654,Prospective
8861,NCT00967083,Prospective
4527,NCT03132857,Prospective
4531,NCT01330264,Prospective
8867,NCT03095391,Prospective
1257,NCT00134797,Prospective
3112,NCT02366286,Prospective
3113,NCT04608149,Prospective
1302,NCT02105896,Prospective
1303,NCT00118651,Prospective
1305,NCT04374201,Prospective
6297,NCT01871909,Prospective
1380,NCT01061164,Prospective
1378,NCT02178462,Prospective
1377,NCT03746847,Prospective
8768,NCT02559869,Prospective
4446,NCT01387529,Prospective
4447,NCT01194336,Prospective
6332,NCT04414904,Prospective
8781,NCT03199079,Prospective
1350,NCT01198964,Prospective
6327,NCT02780414,Prospective
1347,NCT01639053,Prospective
8798,NCT01992432,Prospective
4469,NCT00570297,Prospective
7399,NCT04020471,Prospective
1329,NCT00588796,Prospective
8809,NCT01283295,Prospective
6310,NCT04306523,Prospective
6309,NCT04385251,Prospective
6307,NCT01727856,Prospective
6305,NCT03494738,Prospective
6303,NCT00352391,Prospective
4057,NCT00272363,Prospective
8326,NCT03206775,Prospective
3301,NCT02610465,Prospective
7477,NCT02368106,Prospective
7009,NCT03403166,Prospective
3615,NCT02239328,Prospective
2554,NCT00537706,Prospective
2553,NCT01404858,Prospective
2550,NCT00973440,Prospective
2549,NCT01161810,Prospective
2547,NCT03548883,Prospective
2546,NCT01238445,Prospective
7002,NCT02186093,Prospective
7849,NCT00616083,Prospective
7850,NCT01421303,Prospective
7001,NCT01625962,Prospective
3624,NCT00064870,Prospective
6998,NCT03165968,Prospective
2535,NCT01462526,Prospective
2909,NCT01004952,Prospective
6987,NCT00205530,Prospective
7869,NCT01687153,Prospective
7870,NCT03744507,Prospective
6986,NCT00205569,Prospective
3640,NCT03304912,Prospective
2516,NCT03310528,Prospective
2513,NCT01498705,Prospective
7835,NCT02182180,Prospective
3605,NCT02847728,Prospective
7196,NCT03745495,Prospective
3570,NCT00999154,Prospective
2633,NCT02151435,Prospective
7192,NCT03973593,Prospective
2629,NCT00167440,Prospective
3558,NCT02795624,Prospective
2624,NCT00161226,Prospective
3560,NCT01117168,Prospective
3561,NCT03251989,Prospective
3562,NCT01178320,Prospective
2620,NCT03304782,Prospective
2614,NCT02429505,Prospective
2607,NCT04388605,Prospective
2568,NCT01266915,Prospective
2898,NCT01944306,Prospective
7807,NCT01848184,Prospective
3585,NCT01586858,Prospective
3371,NCT01320150,Prospective
2586,NCT03301753,Prospective
3593,NCT00001162,Prospective
2578,NCT04510168,Prospective
2576,NCT00299949,Prospective
3597,NCT04570579,Prospective
3600,NCT04496466,Prospective
3646,NCT00258869,Prospective
6979,NCT00285636,Prospective
2917,NCT01779804,Prospective
3709,NCT00762060,Prospective
2433,NCT03379558,Prospective
2430,NCT01559649,Prospective
7939,NCT03360799,Prospective
3698,NCT01696721,Prospective
6940,NCT01747824,Prospective
2924,NCT02188381,Prospective
2421,NCT02265250,Prospective
3705,NCT01813266,Prospective
2413,NCT00013442,Prospective
6932,NCT03767699,Prospective
2410,NCT00267631,Prospective
2436,NCT03615235,Prospective
7954,NCT00316836,Prospective
2407,NCT02055222,Prospective
2405,NCT01858519,Prospective
6929,NCT02075801,Prospective
7963,NCT00874211,Prospective
7536,NCT00368095,Prospective
2395,NCT03731351,Prospective
3720,NCT00584051,Prospective
7968,NCT00450281,Prospective
7969,NCT03341858,Prospective
2434,NCT04533425,Prospective
3692,NCT02469532,Prospective
7547,NCT04602416,Prospective
3667,NCT03734523,Prospective
7882,NCT00855075,Prospective
2503,NCT02308735,Prospective
2501,NCT03012555,Prospective
3652,NCT00028340,Prospective
3357,NCT02039882,Prospective
2495,NCT01230606,Prospective
3355,NCT01445327,Prospective
7889,NCT02383602,Prospective
2485,NCT00222963,Prospective
7898,NCT03884816,Prospective
2476,NCT00543153,Prospective
7933,NCT03984747,Prospective
3668,NCT02794181,Prospective
7906,NCT03631719,Prospective
2461,NCT02288702,Prospective
6955,NCT01815554,Prospective
2458,NCT00642213,Prospective
2457,NCT01153555,Prospective
7921,NCT03932799,Prospective
2451,NCT04352764,Prospective
3683,NCT02060799,Prospective
2444,NCT02411396,Prospective
7054,NCT01419223,Prospective
2646,NCT00505908,Prospective
7769,NCT00876889,Prospective
2789,NCT03087253,Prospective
7583,NCT00235235,Prospective
2800,NCT04318925,Prospective
7145,NCT02457663,Prospective
2797,NCT00120224,Prospective
2794,NCT00097617,Prospective
7184,NCT02329639,Prospective
7185,NCT02073240,Prospective
3443,NCT01787812,Prospective
2877,NCT02441348,Prospective
2791,NCT01790386,Prospective
2787,NCT01415570,Prospective
7640,NCT00468832,Prospective
2786,NCT00818896,Prospective
7138,NCT00249080,Prospective
7137,NCT00257647,Prospective
7134,NCT01405001,Prospective
7660,NCT00681694,Prospective
7578,NCT01959321,Prospective
3455,NCT01284127,Prospective
7129,NCT03143179,Prospective
7665,NCT01989273,Prospective
7666,NCT02298361,Prospective
3436,NCT02775461,Prospective
2868,NCT02402803,Prospective
7124,NCT04534972,Prospective
3423,NCT01613833,Prospective
7598,NCT01925963,Prospective
3402,NCT03738462,Prospective
7170,NCT01508130,Prospective
2846,NCT00001204,Prospective
2859,NCT01966094,Prospective
3407,NCT01058148,Prospective
2841,NCT03465995,Prospective
2829,NCT00495209,Prospective
2828,NCT02101619,Prospective
3420,NCT00339235,Prospective
7625,NCT02171312,Prospective
2806,NCT00221923,Prospective
7626,NCT03446131,Prospective
2818,NCT02709135,Prospective
3427,NCT02833922,Prospective
7592,NCT04146168,Prospective
3430,NCT01375686,Prospective
3431,NCT01938222,Prospective
3392,NCT02177006,Prospective
3433,NCT03225131,Prospective
2809,NCT00581516,Prospective
7639,NCT02910557,Prospective
7671,NCT03865901,Prospective
7674,NCT03170297,Prospective
3376,NCT00730704,Prospective
2681,NCT03409003,Prospective
3503,NCT00579150,Prospective
3506,NCT02352389,Prospective
3507,NCT01439477,Prospective
7087,NCT02911675,Prospective
7086,NCT03354351,Prospective
3512,NCT01704573,Prospective
3514,NCT00451022,Prospective
7735,NCT03794999,Prospective
7736,NCT03210415,Prospective
2685,NCT00588497,Prospective
3519,NCT03981835,Prospective
2704,NCT02824705,Prospective
3521,NCT01212289,Prospective
7568,NCT02758236,Prospective
3524,NCT00845052,Prospective
7748,NCT02008058,Prospective
7749,NCT00537173,Prospective
2666,NCT00873964,Prospective
3532,NCT01388439,Prospective
7567,NCT03870204,Prospective
3377,NCT01212003,Prospective
7763,NCT04287075,Prospective
7571,NCT03060109,Prospective
2705,NCT00059267,Prospective
2762,NCT01801670,Prospective
7577,NCT00431847,Prospective
3464,NCT00311506,Prospective
7123,NCT04575402,Prospective
7122,NCT04586049,Prospective
2879,NCT00340548,Prospective
7685,NCT03478553,Prospective
2749,NCT03990350,Prospective
2743,NCT00097552,Prospective
2740,NCT01395368,Prospective
2739,NCT02330042,Prospective
2734,NCT00366639,Prospective
3484,NCT00487760,Prospective
2709,NCT03982979,Prospective
7105,NCT00202046,Prospective
2881,NCT01322750,Prospective
7701,NCT01145443,Prospective
7704,NCT02088671,Prospective
7705,NCT04377412,Prospective
7100,NCT02069613,Prospective
2882,NCT00375089,Prospective
7098,NCT03127293,Prospective
3499,NCT04420156,Prospective
7717,NCT01539005,Prospective
2933,NCT01510418,Prospective
3723,NCT02057705,Prospective
2378,NCT02470260,Prospective
2054,NCT01982149,Prospective
2084,NCT01716130,Prospective
8218,NCT03065426,Prospective
6735,NCT04074486,Prospective
2078,NCT00338741,Prospective
2077,NCT00294060,Prospective
2075,NCT04358900,Prospective
2074,NCT01585571,Prospective
8224,NCT00759733,Prospective
3957,NCT02045043,Prospective
3960,NCT03286179,Prospective
6720,NCT01020318,Prospective
7498,NCT01033513,Prospective
3970,NCT04548895,Prospective
2048,NCT01110538,Prospective
3975,NCT02813187,Prospective
3976,NCT02813161,Prospective
7496,NCT00615641,Prospective
3977,NCT02467998,Prospective
3978,NCT02322554,Prospective
2041,NCT02147418,Prospective
3312,NCT01678625,Prospective
2031,NCT03199794,Prospective
3947,NCT02996877,Prospective
2089,NCT03400345,Prospective
7486,NCT03366454,Prospective
2118,NCT00158145,Prospective
6779,NCT02295410,Prospective
3908,NCT00880178,Prospective
3912,NCT00398528,Prospective
2129,NCT01263600,Prospective
7507,NCT04096521,Prospective
6764,NCT04416412,Prospective
2126,NCT02111031,Prospective
6761,NCT04124523,Prospective
2973,NCT00342446,Prospective
6759,NCT01667276,Prospective
6148,NCT00760708,Prospective
3944,NCT03106233,Prospective
2115,NCT02283918,Prospective
7503,NCT01637324,Prospective
8197,NCT02436616,Prospective
2104,NCT00592371,Prospective
2100,NCT01009905,Prospective
2978,NCT03801863,Prospective
7501,NCT04050449,Prospective
8208,NCT02191306,Prospective
6743,NCT03221777,Prospective
3317,NCT04098900,Prospective
2030,NCT03269721,Prospective
2024,NCT00134927,Prospective
7230,NCT02405026,Prospective
3305,NCT04398628,Prospective
6679,NCT04171960,Prospective
8300,NCT00917007,Prospective
4026,NCT01322529,Prospective
1962,NCT00454415,Prospective
1961,NCT01226862,Prospective
1960,NCT04545333,Prospective
6673,NCT02258386,Prospective
8307,NCT04208685,Prospective
1957,NCT01505049,Prospective
1947,NCT00344136,Prospective
6664,NCT03090815,Prospective
1972,NCT02838368,Prospective
6662,NCT03394703,Prospective
1938,NCT00356707,Prospective
6658,NCT01574300,Prospective
7176,NCT01780701,Prospective
4049,NCT03031457,Prospective
1930,NCT02863081,Prospective
3302,NCT01117571,Prospective
6652,NCT04169529,Prospective
1924,NCT03265912,Prospective
8335,NCT02740998,Prospective
1971,NCT01617915,Prospective
8297,NCT04206787,Prospective
3992,NCT00884013,Prospective
4005,NCT04435873,Prospective
2016,NCT01318772,Prospective
2015,NCT00578994,Prospective
6700,NCT02796716,Prospective
2012,NCT01903291,Prospective
2009,NCT02233192,Prospective
2007,NCT02698670,Prospective
2006,NCT02550366,Prospective
3307,NCT01837498,Prospective
8275,NCT00737321,Prospective
2001,NCT00669045,Prospective
8278,NCT01240616,Prospective
1975,NCT00710619,Prospective
4006,NCT03032770,Prospective
1996,NCT03865303,Prospective
1994,NCT00542672,Prospective
6692,NCT03867357,Prospective
8282,NCT02387281,Prospective
1987,NCT00599014,Prospective
7484,NCT03429257,Prospective
8290,NCT00608036,Prospective
2998,NCT01807572,Prospective
6681,NCT03043326,Prospective
2146,NCT00318734,Prospective
3901,NCT02233855,Prospective
2377,NCT02180074,Prospective
2279,NCT01760408,Prospective
8047,NCT02113514,Prospective
2292,NCT00342862,Prospective
6859,NCT01526291,Prospective
2289,NCT00531570,Prospective
6857,NCT03772730,Prospective
3800,NCT01313130,Prospective
3801,NCT01476423,Prospective
8056,NCT03710109,Prospective
2938,NCT00573898,Prospective
2282,NCT02600910,Prospective
2277,NCT00387166,Prospective
2300,NCT03378336,Prospective
2275,NCT01890044,Prospective
6851,NCT01007890,Prospective
8064,NCT01155830,Prospective
3809,NCT03125460,Prospective
8070,NCT03555331,Prospective
3818,NCT01352676,Prospective
3819,NCT00725101,Prospective
2257,NCT00341848,Prospective
8083,NCT00395499,Prospective
6836,NCT02541123,Prospective
2297,NCT03062033,Prospective
3787,NCT01547351,Prospective
2247,NCT02703701,Prospective
3348,NCT04422600,Prospective
2373,NCT02982993,Prospective
2372,NCT01855620,Prospective
3736,NCT02391948,Prospective
2367,NCT04266314,Prospective
2363,NCT01726985,Prospective
2362,NCT01371864,Prospective
2359,NCT01248156,Prospective
2353,NCT01238432,Prospective
3749,NCT03869515,Prospective
8000,NCT04498975,Prospective
8002,NCT03010644,Prospective
3781,NCT02392078,Prospective
3347,NCT00345475,Prospective
3345,NCT01116323,Prospective
6887,NCT02228265,Prospective
2332,NCT03263195,Prospective
8016,NCT02293824,Prospective
3767,NCT04583072,Prospective
2327,NCT01627210,Prospective
3768,NCT03850223,Prospective
3770,NCT04538495,Prospective
8028,NCT01614353,Prospective
7530,NCT02949063,Prospective
6835,NCT02957461,Prospective
3897,NCT04142723,Prospective
3335,NCT00454506,Prospective
2202,NCT00663143,Prospective
2952,NCT02580032,Prospective
2199,NCT03266471,Prospective
3869,NCT01754064,Prospective
6804,NCT02113228,Prospective
6802,NCT01128023,Prospective
2187,NCT03261089,Prospective
8141,NCT04212351,Prospective
2178,NCT01696409,Prospective
2176,NCT00546858,Prospective
8147,NCT03325946,Prospective
2205,NCT04321811,Prospective
6791,NCT02205450,Prospective
6790,NCT00255060,Prospective
3332,NCT02974764,Prospective
3889,NCT00444301,Prospective
2964,NCT02023528,Prospective
2160,NCT03304990,Prospective
2159,NCT01140724,Prospective
6786,NCT01132898,Prospective
2156,NCT00983463,Prospective
6784,NCT01505478,Prospective
3861,NCT00443443,Prospective
6813,NCT03366532,Prospective
2941,NCT01276678,Prospective
8110,NCT01858311,Prospective
6833,NCT02477943,Prospective
6832,NCT01426919,Prospective
3341,NCT00990262,Prospective
3837,NCT01814722,Prospective
3838,NCT00637689,Prospective
6828,NCT01496014,Prospective
6823,NCT03052452,Prospective
2229,NCT03532256,Prospective
2226,NCT00451841,Prospective
7219,NCT00270764,Prospective
3852,NCT04588662,Prospective
8119,NCT03769740,Prospective
6816,NCT00341523,Prospective
3855,NCT03193879,Prospective
2215,NCT01639573,Prospective
6815,NCT01770210,Prospective
2213,NCT00344903,Prospective
2212,NCT00466778,Prospective
3857,NCT00007592,Prospective
3337,NCT00454467,Prospective
2209,NCT02792439,Prospective
2208,NCT04533360,Prospective
4689,NCT02880527,Prospective
5510,NCT00340600,Prospective
9543,NCT04095481,Prospective
5091,NCT01974180,Prospective
5888,NCT01628224,Prospective
5887,NCT01709786,Prospective
5886,NCT01830725,Prospective
5049,NCT03491202,Prospective
5051,NCT01059240,Prospective
9475,NCT04162678,Prospective
5055,NCT01591928,Prospective
5057,NCT04313998,Prospective
5062,NCT02341326,Prospective
5063,NCT03411057,Prospective
5868,NCT01231945,Prospective
5863,NCT00370214,Prospective
5858,NCT01128166,Prospective
5080,NCT02981043,Prospective
5852,NCT00808353,Prospective
5037,NCT02271932,Prospective
9447,NCT04196374,Prospective
9442,NCT04203381,Prospective
9404,NCT04232267,Prospective
5930,NCT04169412,Prospective
4986,NCT03230305,Prospective
9398,NCT04235725,Prospective
4988,NCT02381340,Prospective
4989,NCT04071327,Prospective
4992,NCT02122640,Prospective
5003,NCT00999388,Prospective
9441,NCT04204434,Prospective
5004,NCT03501407,Prospective
9419,NCT04221594,Prospective
9425,NCT04216732,Prospective
5012,NCT04041297,Prospective
5911,NCT01773655,Prospective
5909,NCT01832714,Prospective
9508,NCT04125420,Prospective
5094,NCT00932958,Prospective
4981,NCT02375659,Prospective
9522,NCT04115735,Prospective
5796,NCT00299481,Prospective
5157,NCT01800994,Prospective
5794,NCT01378065,Prospective
5792,NCT02483650,Prospective
9597,NCT04057183,Prospective
5163,NCT01109368,Prospective
5168,NCT02787486,Prospective
5787,NCT02368145,Prospective
5171,NCT01334281,Prospective
9608,NCT04049682,Prospective
5780,NCT00595166,Prospective
9619,NCT04044924,Prospective
9622,NCT04044391,Prospective
5773,NCT02559219,Prospective
9626,NCT04038944,Prospective
5152,NCT03255564,Prospective
5801,NCT01073579,Prospective
5146,NCT04164537,Prospective
1024,NCT02123225,Prospective
5099,NCT01454492,Prospective
9526,NCT04112433,Prospective
5104,NCT00792155,Prospective
5835,NCT01659411,Prospective
5107,NCT00901173,Prospective
9542,NCT04096937,Prospective
9552,NCT04090970,Prospective
5140,NCT02354287,Prospective
5127,NCT02725840,Prospective
9557,NCT04089371,Prospective
9558,NCT04088799,Prospective
9561,NCT04088123,Prospective
5135,NCT00390494,Prospective
9571,NCT04081272,Prospective
4982,NCT01063296,Prospective
9390,NCT04240691,Prospective
5761,NCT03711747,Prospective
9288,NCT04322448,Prospective
4864,NCT01109810,Prospective
9249,NCT04354467,Prospective
4869,NCT03214757,Prospective
9256,NCT04349202,Prospective
9257,NCT04348708,Prospective
4874,NCT04464187,Prospective
4875,NCT03379961,Prospective
4876,NCT01829269,Prospective
6008,NCT03673371,Prospective
6005,NCT03719495,Prospective
9271,NCT04339998,Prospective
6002,NCT03789396,Prospective
9277,NCT04332861,Prospective
4891,NCT04036032,Prospective
5995,NCT03921658,Prospective
9245,NCT04357717,Prospective
6019,NCT03402035,Prospective
9241,NCT04364282,Prospective
4832,NCT02859831,Prospective
9195,NCT04404894,Prospective
9197,NCT04404530,Prospective
9200,NCT04401449,Prospective
9201,NCT04400903,Prospective
4828,NCT01373840,Prospective
9205,NCT04393155,Prospective
6038,NCT02960516,Prospective
9238,NCT04367246,Prospective
4839,NCT02379403,Prospective
9216,NCT04384055,Prospective
6034,NCT03082638,Prospective
4847,NCT01859039,Prospective
9235,NCT04370002,Prospective
6023,NCT03276195,Prospective
4896,NCT03674801,Prospective
9291,NCT04320381,Prospective
4979,NCT04030273,Prospective
9292,NCT04319952,Prospective
9338,NCT04283539,Prospective
4937,NCT04271462,Prospective
4939,NCT03030508,Prospective
5962,NCT00902603,Prospective
4941,NCT03185832,Prospective
4951,NCT04055688,Prospective
9363,NCT04260048,Prospective
4958,NCT00847756,Prospective
9368,NCT04257045,Prospective
5944,NCT01564524,Prospective
4968,NCT02332993,Prospective
5939,NCT00643721,Prospective
5937,NCT03736356,Prospective
9383,NCT04242277,Prospective
4978,NCT02590198,Prospective
9335,NCT04285814,Prospective
9331,NCT04291755,Prospective
9329,NCT04292600,Prospective
9311,NCT04305613,Prospective
4900,NCT03305497,Prospective
9300,NCT04315883,Prospective
4907,NCT01721473,Prospective
4911,NCT04379063,Prospective
4912,NCT00582478,Prospective
4915,NCT02862184,Prospective
9312,NCT04305600,Prospective
9328,NCT04293406,Prospective
9316,NCT04304495,Prospective
9318,NCT04300777,Prospective
9321,NCT04298281,Prospective
4923,NCT04273152,Prospective
4926,NCT03654118,Prospective
4927,NCT03389581,Prospective
5193,NCT03674216,Prospective
9641,NCT04026581,Prospective
4814,NCT00166569,Prospective
5465,NCT00032513,Prospective
124,NCT03933215,Prospective
9923,NCT03813966,Prospective
5443,NCT00391365,Prospective
5563,NCT01084733,Prospective
5446,NCT01912833,Prospective
117,NCT02886689,Prospective
9930,NCT03810508,Prospective
9935,NCT03804827,Prospective
9936,NCT03804593,Prospective
9937,NCT03804021,Prospective
5453,NCT00662051,Prospective
105,NCT00837499,Prospective
5458,NCT02024672,Prospective
5461,NCT03050658,Prospective
90,NCT00533975,Prospective
125,NCT03933202,Prospective
5565,NCT00738725,Prospective
9919,NCT03818087,Prospective
145,NCT01358552,Prospective
5426,NCT04308356,Prospective
5575,NCT02546479,Prospective
5428,NCT00860002,Prospective
5429,NCT00339495,Prospective
149,NCT02988934,Prospective
146,NCT02856646,Prospective
144,NCT04423770,Prospective
5439,NCT04482361,Prospective
9911,NCT03822325,Prospective
142,NCT02252159,Prospective
140,NCT01370954,Prospective
139,NCT01368549,Prospective
5570,NCT01458132,Prospective
135,NCT01369030,Prospective
5464,NCT02828280,Prospective
85,NCT00306007,Prospective
5579,NCT02771847,Prospective
84,NCT00573976,Prospective
37,NCT04047316,Prospective
5494,NCT04266093,Prospective
5523,NCT03478852,Prospective
28,NCT01262079,Prospective
5500,NCT02286141,Prospective
23,NCT02153996,Prospective
5520,NCT02307929,Prospective
5502,NCT03538639,Prospective
19,NCT02429284,Prospective
9990,NCT03770832,Prospective
15,NCT02911155,Prospective
11,NCT01211990,Prospective
9,NCT00948233,Prospective
5516,NCT02986802,Prospective
5514,NCT03152760,Prospective
38,NCT03952364,Prospective
9978,NCT03777384,Prospective
42,NCT03628235,Prospective
9963,NCT03787862,Prospective
5548,NCT00579943,Prospective
82,NCT01641029,Prospective
81,NCT03801928,Prospective
5543,NCT02789176,Prospective
5476,NCT02594202,Prospective
5477,NCT02926040,Prospective
5540,NCT00628615,Prospective
44,NCT01290393,Prospective
67,NCT03045120,Prospective
62,NCT03373045,Prospective
5536,NCT02243033,Prospective
58,NCT02987335,Prospective
56,NCT01287247,Prospective
51,NCT01283828,Prospective
156,NCT03346603,Prospective
5419,NCT01647399,Prospective
5211,NCT04518670,Prospective
5301,NCT00613873,Prospective
5266,NCT00724438,Prospective
5705,NCT01278355,Prospective
5699,NCT01646541,Prospective
9726,NCT03962894,Prospective
5697,NCT04330235,Prospective
5281,NCT01182298,Prospective
5283,NCT03161795,Prospective
5286,NCT03495388,Prospective
5287,NCT04197674,Prospective
9741,NCT03947749,Prospective
9745,NCT03944746,Prospective
5293,NCT03255265,Prospective
9747,NCT03942549,Prospective
9752,NCT03938974,Prospective
5682,NCT04535180,Prospective
9712,NCT03976258,Prospective
5261,NCT00385762,Prospective
5258,NCT02479737,Prospective
5737,NCT00989183,Prospective
9655,NCT04017910,Prospective
5746,NCT01322568,Prospective
5219,NCT03451461,Prospective
9661,NCT04015167,Prospective
9662,NCT04015154,Prospective
9663,NCT04015128,Prospective
9672,NCT04002882,Prospective
9693,NCT03990558,Prospective
5229,NCT00340405,Prospective
9680,NCT04000256,Prospective
5236,NCT04041687,Prospective
9685,NCT03997604,Prospective
5727,NCT01906437,Prospective
5240,NCT00948597,Prospective
9756,NCT03937453,Prospective
5302,NCT01382524,Prospective
5584,NCT02070328,Prospective
5303,NCT04113421,Prospective
9825,NCT03881241,Prospective
5360,NCT02476877,Prospective
9832,NCT03876223,Prospective
5627,NCT00352924,Prospective
5365,NCT02774330,Prospective
9841,NCT03873545,Prospective
5625,NCT01955408,Prospective
5609,NCT03786120,Prospective
5392,NCT00352573,Prospective
9868,NCT03852485,Prospective
9874,NCT03848962,Prospective
9875,NCT03848923,Prospective
5595,NCT01948544,Prospective
5592,NCT03625349,Prospective
5590,NCT02851706,Prospective
5641,NCT03579225,Prospective
5643,NCT02627599,Prospective
5644,NCT01500525,Prospective
5666,NCT01674075,Prospective
9761,NCT03933540,Prospective
5306,NCT03678207,Prospective
9765,NCT03929237,Prospective
9770,NCT03927053,Prospective
5313,NCT04562948,Prospective
9780,NCT03916822,Prospective
5665,NCT03231579,Prospective
9813,NCT03890107,Prospective
9793,NCT03907449,Prospective
9795,NCT03906461,Prospective
9800,NCT03902600,Prospective
9801,NCT03902171,Prospective
5655,NCT02489396,Prospective
5650,NCT04251208,Prospective
6050,NCT02574546,Prospective
1591,NCT02287688,Prospective
4785,NCT02019680,Prospective
9082,NCT04519957,Prospective
4781,NCT03578939,Prospective
6089,NCT01648166,Prospective
6144,NCT00839696,Prospective
1001,NCT01865032,Prospective
6132,NCT01041534,Prospective
6106,NCT01447186,Prospective
4804,NCT01090583,Prospective
6104,NCT01448694,Prospective
4776,NCT03046069,Prospective
4802,NCT01560520,Prospective
6146,NCT00807820,Prospective
1022,NCT02857751,Prospective
9108,NCT04496297,Prospective
4692,NCT03494244,Prospective
6101,NCT01501656,Prospective
9144,NCT04467099,Prospective
6131,NCT01075035,Prospective
9083,NCT04518059,Prospective
6107,NCT01433302,Prospective
9084,NCT04517734,Prospective
4742,NCT03641742,Prospective
4775,NCT02650154,Prospective
9101,NCT04502316,Prospective
1005,NCT01261871,Prospective
9179,NCT04424576,Prospective
4698,NCT03639025,Prospective
4790,NCT03971318,Prospective
9145,NCT04466644,Prospective
6135,NCT00975559,Prospective
4728,NCT04119206,Prospective
4741,NCT04092400,Prospective
6091,NCT01638481,Prospective
9159,NCT04451382,Prospective
4739,NCT00013715,Prospective
9053,NCT04546763,Prospective
4717,NCT00736554,Prospective
4749,NCT04352634,Prospective
4769,NCT03971305,Prospective
4800,NCT00131586,Prospective
4731,NCT02812030,Prospective
4712,NCT03259178,Prospective
6130,NCT01077089,Prospective
4778,NCT02021838,Prospective
9109,NCT04495348,Prospective
6094,NCT01584037,Prospective
4796,NCT02692092,Prospective
4798,NCT03953794,Prospective
4736,NCT04431661,Prospective
9071,NCT04528446,Prospective
4795,NCT02613767,Prospective
9070,NCT04530500,Prospective
6125,NCT01212731,Prospective
5434,NCT04217902,Other
2072,NCT00661128,Other
2161,NCT04125537,Other
4373,NCT00001469,Other
1752,NCT00519402,Other
9360,NCT04263233,Other
2088,NCT04372108,Other
1746,NCT01772602,Other
2256,NCT03281590,Other
1729,NCT03248141,Other
8227,NCT02257099,Other
4851,NCT04557345,Other
2950,NCT03680495,Other
6800,NCT02228668,Other
3077,NCT00005667,Other
66,NCT02993120,Other
3815,NCT00001163,Other
2472,NCT03313271,Other
6559,NCT00339937,Other
3607,NCT00339703,Other
7288,NCT00222690,Other
3429,NCT01880034,Other
9222,NCT04379843,Other
6100,NCT01502319,Other
6511,NCT02597881,Other
7920,NCT03141567,Other
3832,NCT01200680,Other
4588,NCT00015613,Other
7250,NCT01194661,Other
1674,NCT03621826,Other
3649,NCT02600936,Other
1265,NCT04010162,Other
5795,NCT02185599,Other
3294,NCT01416467,Other
3293,NCT00341835,Other
5693,NCT03707080,Other
4310,NCT00173823,Other
6754,NCT03883009,Other
7252,NCT00754169,Other
5270,NCT03354416,Other
7483,NCT03571932,Other
2527,NCT00340171,Other
6133,NCT01000077,Other
6751,NCT03156088,Other
9167,NCT04439656,Other
4202,NCT01228344,Other
8512,NCT01012180,Other
9888,NCT03840798,Other
1182,NCT04496414,Other
3627,NCT01004133,Other
3352,NCT00805246,Other
5243,NCT03743337,Other
8503,NCT00359580,Other
3663,NCT03676023,Other
5698,NCT03089684,Other
5831,NCT00140634,Other
6411,NCT02438592,Other
3526,NCT04075162,Other
5676,NCT00081354,Other
6862,NCT01977846,Other
46,NCT00875641,Other
1827,NCT02997345,Other
4680,NCT00314899,Other
1032,NCT01031160,Other
1841,NCT01953016,Other
9417,NCT04222166,Other
6899,NCT00155649,Other
5309,NCT03843021,Other
4131,NCT04336579,Other
2642,NCT03359421,Other
2750,NCT00527839,Other
1117,NCT02863458,Other
6334,NCT04326517,Other
6337,NCT04213664,Other
27,NCT04205877,Other
2392,NCT03800628,Other
4466,NCT04395781,Other
4461,NCT00132249,Other
1990,NCT02557152,Other
3596,NCT00443313,Other
3971,NCT02688660,Other
1050,NCT03021824,Other
3177,NCT00250133,Other
3527,NCT01386424,Other
9050,NCT04549077,Other
